-- phpMyAdmin SQL Dump
-- version 5.2.0
-- https://www.phpmyadmin.net/
--
-- Host: 127.0.0.1
-- Generation Time: Sep 05, 2024 at 07:33 PM
-- Server version: 10.4.24-MariaDB
-- PHP Version: 8.1.6

SET SQL_MODE = "NO_AUTO_VALUE_ON_ZERO";
START TRANSACTION;
SET time_zone = "+00:00";


/*!40101 SET @OLD_CHARACTER_SET_CLIENT=@@CHARACTER_SET_CLIENT */;
/*!40101 SET @OLD_CHARACTER_SET_RESULTS=@@CHARACTER_SET_RESULTS */;
/*!40101 SET @OLD_COLLATION_CONNECTION=@@COLLATION_CONNECTION */;
/*!40101 SET NAMES utf8mb4 */;

--
-- Database: `lakadawala`
--

-- --------------------------------------------------------

--
-- Table structure for table `aboutus`
--

CREATE TABLE `aboutus` (
  `id` int(200) NOT NULL,
  `image` longtext NOT NULL,
  `content` text NOT NULL,
  `about one line` text NOT NULL
) ENGINE=MyISAM DEFAULT CHARSET=latin1;

--
-- Dumping data for table `aboutus`
--

INSERT INTO `aboutus` (`id`, `image`, `content`, `about one line`) VALUES
(1, 'FLU_116-323-Kit-6.jpg', 'Contrary to popular belief, Lorem Ipsum is not simply random text. It has roots in a piece of classical Latin literature from 45 BC, making it over 2000 years old. Richard McClintock, a Latin professor at Hampden-Sydney College in Virginia, looked up one of the more obscure Latin words, consectetur, from a Lorem Ipsum passage, and going through the cites of the word in classical literature, discovered the undoubtable source. Lorem Ipsum comes from sections 1.10.32 and 1.10.33 of \"de Finibus Bonorum et Malorum\" (The Extremes of Good and Evil) by Cicero, written in 45 BC. This book is a treatise on the theory of ethics, very popular during the Renaissance. The first line of Lorem Ipsum, \"Lorem ipsum dolor sit amet..\", comes from a line in section 1.10.32.\r\n\r\n', 'ABOUT US');

-- --------------------------------------------------------

--
-- Table structure for table `admin`
--

CREATE TABLE `admin` (
  `id` int(11) NOT NULL,
  `username` text NOT NULL,
  `password` varchar(10000) NOT NULL
) ENGINE=InnoDB DEFAULT CHARSET=utf8mb4;

--
-- Dumping data for table `admin`
--

INSERT INTO `admin` (`id`, `username`, `password`) VALUES
(1, 'admin', 'admin');

-- --------------------------------------------------------

--
-- Table structure for table `brand`
--

CREATE TABLE `brand` (
  `brand_id` int(11) NOT NULL,
  `brand_name` varchar(250) NOT NULL,
  `image` longtext NOT NULL,
  `banner` longtext NOT NULL,
  `description` text NOT NULL,
  `flag` int(11) NOT NULL
) ENGINE=InnoDB DEFAULT CHARSET=latin1;

--
-- Dumping data for table `brand`
--

INSERT INTO `brand` (`brand_id`, `brand_name`, `image`, `banner`, `description`, `flag`) VALUES
(2, 'DEWALT', 'dewalt-logo.jpg', 'dewalt_banner.jpg', '<p>AABTools, offers you a comprehensive range of the best DEWALT products that are guaranteed to be tough. From 1924 to 2018 DEWALT continues to design and optimize professional workhorse solutions- tools, accessories and service that ensure absolute confidence for the toughest jobsite conditions. WE are DEWALT, and we are GUARANTEED TOUGH At AABTools stores across UAE, you can find a comprehensive range of the best DEWALT products like Saftey Shoes, Power Tools, Hand Tools etc . Most products sold now with a 3 Year Service Warranty.</p>\r\n', 0),
(3, 'FLUKE', 'fluke-logo.png', 'fluke.jpg', '', 1),
(4, 'RIDGID', 'rigid-logo.jpg', 'ridgid.jpg', '', 1),
(5, 'RUBI', 'Rubi.jpg', 'rubibanner.jpg', '', 1),
(6, 'GAZELLE', 'Gazelle_Logo.jpg', 'Homepage_Banner_3f2ce8b611.jpg', '', 1),
(7, 'KLAUKE', 'Klauke-Logo-01-002.png', 'Klauke-AABTools.jpg', '', 1),
(8, 'EXTECH instruments', 'extech-logo.png', 'extech-banner.jpg', '', 1),
(9, '3M', '3M_LOGO-01_1543827788.png', '3M-Landing-Page-Banner-1.png', '', 1),
(10, 'BLACK + DECKER', 'black-and-decker_1438081908.jpg', 'BlackDecker-banner-1024x380.jpg', '', 1),
(11, 'EXPERT', 'Expert_Logo.jpg', '360_F_418889822_3ajhrdnGw6Ujm5o6GG7m8ZOBXyKCrKkk.jpg', '', 1),
(12, 'GROZ', 'groz-logo.png', '0b5fae58-9643-40f5-b004-1ec195ae84e2._CR0,221,1280,396_PT0_SX970__.jpg', '', 1),
(13, 'M7-MIGHTY SEVEN', 'm7-logo.png', '', '', 1),
(15, 'PCE INSTRUMENTS', 'pce-instruments-dubai-3.jpg', '', '', 1),
(17, 'FLUKE PROCESS INSTRUMENTS', 'Fluke-Process-Instruments-AABTools-Al-Quoz-Head-Office-Dewalt-Fluke-Distributor-Dubai-UAE.jpg', '1.25_fpi_bleed_logo.png', '', 1),
(19, 'Husqvarna', 'husqvarna-logo-new.jpg', 'louth-tractor-husqvarna-banner-1400x400.jpg', '', 1),
(22, 'demo', 'DEW_DW03050-XJ.jpg', 'cleaning-and-automotive-equipment.jpg', '<p>gfserth</p>\r\n', 1),
(23, 'Test Brand', 'Screenshot (2).png', 'Screenshot (2).png', '<p>Test Brand</p>\r\n', 1);

-- --------------------------------------------------------

--
-- Table structure for table `category`
--

CREATE TABLE `category` (
  `category_id` int(11) NOT NULL,
  `brand_id` int(11) DEFAULT NULL,
  `category_name` varchar(250) NOT NULL,
  `image` longtext CHARACTER SET latin1 NOT NULL,
  `small_description` text NOT NULL,
  `advantages` text NOT NULL,
  `who_use` text NOT NULL,
  `where_use` text NOT NULL,
  `how_to_use` text NOT NULL,
  `description` text NOT NULL,
  `banner` longtext CHARACTER SET latin1 NOT NULL,
  `flag` int(11) NOT NULL
) ENGINE=InnoDB DEFAULT CHARSET=utf8mb4;

--
-- Dumping data for table `category`
--

INSERT INTO `category` (`category_id`, `brand_id`, `category_name`, `image`, `small_description`, `advantages`, `who_use`, `where_use`, `how_to_use`, `description`, `banner`, `flag`) VALUES
(39, 3, 'Power Tools', 'Web-Categories_aabtools_Power-Tools-01.jpg', '<p>Get a broad range of high performance power tools for your job site at AABTools. We know how important portability is to you, thus we stock the largest range of cordless tools and batteries to make sure you are powered up to tackle more projects wherever and whenever. You&rsquo;ll also find the widest range of wood working tools, hammers, drills and metal working machines that are engineered to cut through the toughest metals. We are the largest distributor of Dewalt Power tools in the UAE, so whatever the job, we are here to help you with the right power tool to complete the task. Shop from AABTools for your industrial power tools, accessories and replacement parts today!</p>\r\n', '<p>Lorem Ipsum is simply dummy text of the printing and typesetting industry. Lorem Ipsum has been the industry&#39;s standard dummy text ever since the 1500s, when an unknown printer took a galley of type and scrambled it to make a type specimen book. It has survived not only five centuries, but also the leap into electronic typesetting, remaining essentially unchanged. It was popularised in the 1960s with the release of Letraset sheets containing Lorem Ipsum passages, and more recently with desktop publishing software like Aldus PageMaker including versions of Lorem Ipsum.</p>\r\n', '<p>Lorem Ipsum is simply dummy text of the printing and typesetting industry. Lorem Ipsum has been the industry&#39;s standard dummy text ever since the 1500s, when an unknown printer took a galley of type and scrambled it to make a type specimen book. It has survived not only five centuries, but also the leap into electronic typesetting, remaining essentially unchanged. It was popularised in the 1960s with the release of Letraset sheets containing Lorem Ipsum passages, and more recently with desktop publishing software like Aldus PageMaker including versions of Lorem Ipsum.</p>\r\n', '<p>Lorem Ipsum is simply dummy text of the printing and typesetting industry. Lorem Ipsum has been the industry&#39;s standard dummy text ever since the 1500s, when an unknown printer took a galley of type and scrambled it to make a type specimen book. It has survived not only five centuries, but also the leap into electronic typesetting, remaining essentially unchanged. It was popularised in the 1960s with the release of Letraset sheets containing Lorem Ipsum passages, and more recently with desktop publishing software like Aldus PageMaker including versions of Lorem Ipsum.</p>\r\n', '<p>Lorem Ipsum is simply dummy text of the printing and typesetting industry. Lorem Ipsum has been the industry&#39;s standard dummy text ever since the 1500s, when an unknown printer took a galley of type and scrambled it to make a type specimen book. It has survived not only five centuries, but also the leap into electronic typesetting, remaining essentially unchanged. It was popularised in the 1960s with the release of Letraset sheets containing Lorem Ipsum passages, and more recently with desktop publishing software like Aldus PageMaker including versions of Lorem Ipsum.</p>\r\n', '<p>Lorem Ipsum is simply dummy text of the printing and typesetting industry. Lorem Ipsum has been the industry&#39;s standard dummy text ever since the 1500s, when an unknown printer took a galley of type and scrambled it to make a type specimen book. It has survived not only five centuries, but also the leap into electronic typesetting, remaining essentially unchanged. It was popularised in the 1960s with the release of Letraset sheets containing Lorem Ipsum passages, and more recently with desktop publishing software like Aldus PageMaker including versions of Lorem Ipsum.</p>\r\n', 'dewalt2.jpg', 1),
(40, 7, 'Testing Equipment', 'Web-Categories_aabtools_testing-equipment-01.jpg', '', '', '', '', '', '', '', 1),
(41, 4, 'Tile Tools', 'Tile-Tools.jpg', '', '', '', '', '', '', '', 1),
(42, 5, 'Ladders & Access', 'Web-Categories_aabtools_ladders-material-handling-01.jpg', '', '', '', '', '', '', 'dewalt_banner.jpg', 1),
(43, 3, 'Hand Tools', 'Web-Categories_aabtools_hand-tools-01.jpg', '', '', '', '', '', '', '', 1),
(44, 2, 'Abrasives', 'Web-Categories_aabtools_abrasives-01.jpg', '', '', '', '', '', '', '', 1),
(45, 3, 'Measuring And Layout Tools', 'DEW_DW03050-XJ.jpg', '<p>When preparing and organizing a job site, experienced professionals never improvise or guesstimate the distances and dimensions. Precision is the most important factor that gives engineers and technicians the ideal head start needed to ensure efficiency once work commences. Correct measurements also allow professionals to save material while realizing outside plant jobs. Some must have professional measuring equipment includes laser distance meters, laser levels, rulers and squares, and classic box levels.</p>\r\n', '<ul>\r\n	<li>Provides high precision and accuracy</li>\r\n	<li>Helps in planning and organizing</li>\r\n	<li>Saves direct costs of materials</li>\r\n	<li>Portable</li>\r\n	<li>Easy to set up</li>\r\n</ul>\r\n', '<ul>\r\n	<li>Engineers</li>\r\n	<li>Handymen</li>\r\n	<li>Landscapers</li>\r\n	<li>Masons</li>\r\n	<li>Developers</li>\r\n	<li>Electrical workers</li>\r\n	<li>HVAC technicians</li>\r\n	<li>Electricians</li>\r\n</ul>\r\n\r\n<p>&nbsp;</p>\r\n', '<ul>\r\n	<li>Construction sites</li>\r\n	<li>Workshops</li>\r\n	<li>Facilities</li>\r\n</ul>\r\n', '<ul>\r\n	<li>Make sure your devices are calibrated annually to ensure greater precision levels</li>\r\n	<li>Keep measuring instruments stored away from vibration as it may cause digital measuring devices to fall out of calibration over time</li>\r\n	<li>Store measuring tools at room temperature to ensure accuracy is maintained</li>\r\n	<li>Be careful about laying or using tools close to magnets or a magnetized surface</li>\r\n	<li>Clean tools after use</li>\r\n	<li>Do not bang, throw or bang the device on a hard surface</li>\r\n</ul>\r\n', '<p>Measuring and Marking tools from Gazelle, Expert, DeWalt and Irwin are available at our retail stores across the United Arab Emirates in Dubai, Sharjah, and Abu Dhabi.</p>\r\n\r\n<p>&nbsp;</p>\r\n\r\n<p>AABTools is the top hand tools distributor in UAE. Measuring and Marking tools like levels, ruling and squares, levels and alignment,&nbsp;<a href=\"https://www.aabtools.com/cat/hand-tools/measuring-and-marking-tools/laser-distance-meters\">laser distance meter</a>, measuring tapes and wheels, chalk reels and scribing are available at AABTools. Shop now for the top measuring and marking tools by Gazelle, Expert, DeWalt and Irwin at our retail stores in Dubai, Sharjah, and Abu Dhabi.</p>\r\n', '', 1),
(46, 2, 'Material Handling Equipment', 'material-handling-equipment-aabtools-uae.jpg', '', '', '', '', '', '', '', 1),
(47, 6, 'Cleaning & Automotive', 'cleaning-and-automotive-equipment.jpg', '', '', '', '', '', '', '', 1),
(48, 6, 'Safety Workwear and Equipment', 'Safety-and-worwear.png', '', '', '', '', '', '', 'welding.jpg', 1),
(49, 15, 'Electrical Tools', '', '', '', '', '', '', '', '', 0),
(50, 12, 'Power Tools Accessories', 'Web-Categories_aabtools_power-tools-accessories-01.jpg', '', '', '', '', '', '', 'powertools banner.jpg', 1),
(51, 12, 'Welding Equipment', 'circular-saw-with-sharp-rotating-disk-new-plinth-woodworking-machinery-equipment-renovation-construction_166373-2075.jpg', '', '', '', '', '', '', 'welding.jpg', 1),
(52, 5, 'demo', 'testing equipment.jpg', '', '', '', '', '', '', ' testing equipment.jpg', 0),
(53, 5, 'demo', 'DEW_DW03050-XJ.jpg', '', '', '', '', '', '', ' powertools banner.jpg', 0),
(54, 10, 'Power Tools12', 'circular-saw-with-sharp-rotating-disk-new-plinth-woodworking-machinery-equipment-renovation-construction_166373-2075.jpg', '', '', '', '', '', '', ' dewalt2.jpg', 0),
(55, 13, 'demo456789', 'Untitled-1.jpg', '<p>demo date 02.06.2021</p>\r\n', '<p>advantages&nbsp;</p>\r\n', '<p>advantages&nbsp;</p>\r\n', '<p>advantages&nbsp;</p>\r\n', '<p>advantages&nbsp;</p>\r\n', '<p>advantages&nbsp;</p>\r\n', ' powertools banner.jpg', 0),
(100, 5, 'xyz', 'Screenshot (2).png', '', '', '', '', '', '', ' Screenshot (2).png', 1),
(101, 23, 'One category', 'Screenshot (2).png', '<p>Test Description</p>\r\n', '', '', '', '', '', ' Screenshot (2).png', 1);

-- --------------------------------------------------------

--
-- Table structure for table `contact us`
--

CREATE TABLE `contact us` (
  `id` int(200) NOT NULL,
  `city` varchar(10000) NOT NULL,
  `Address` text NOT NULL,
  `Iframe` text NOT NULL,
  `flag` int(11) NOT NULL
) ENGINE=MyISAM DEFAULT CHARSET=latin1;

--
-- Dumping data for table `contact us`
--

INSERT INTO `contact us` (`id`, `city`, `Address`, `Iframe`, `flag`) VALUES
(1, 'ABU DHABI (MUSSAFFAH)12', '<p>Plot No.98, Shop 2 &amp; 3. Musaffah Industrial Area, M9,Abu Dhabi UAE. Tel: +971 2 555 7282 Fax: +971 2 5557283 Email: websales@aabtools.com</p>\r\n', '<p>https://www.google.com/maps/embed?pb=!1m18!1m12!1m3!1d3634.140141721098!2d54.504065414865885!3d24.37642778428455!2m3!1f0!2f0!3f0!3m2!1i1024!2i768!4f13.1!3m3!1m2!1s0x3e5e41a8da42deef%3A0x379c5277d43c3469!2sAABTools%20Abu%20Dhabi!5e0!3m2!1sen!2sin!4v1650703281446!5m2!1sen!2sin</p>\r\n', 1);

-- --------------------------------------------------------

--
-- Table structure for table `orders`
--

CREATE TABLE `orders` (
  `id` int(200) NOT NULL,
  `product_name` varchar(200) NOT NULL,
  `image` longtext NOT NULL,
  `quantity` int(200) NOT NULL,
  `mobile` varchar(10) NOT NULL,
  `update_on` datetime NOT NULL DEFAULT current_timestamp(),
  `flag` int(11) NOT NULL
) ENGINE=InnoDB DEFAULT CHARSET=utf8mb4;

--
-- Dumping data for table `orders`
--

INSERT INTO `orders` (`id`, `product_name`, `image`, `quantity`, `mobile`, `update_on`, `flag`) VALUES
(1, 'DM 280 CONCRETE CORING MACHINE, 350MM, 2.7KW', 'Husqvarna_966554101_-DM-280-Drill-motors-1.jpg', 2, '2147483647', '2022-05-04 00:00:00', 1),
(2, '350 MM, POWER CUTTER, 2-STROKE ENGINE, 3.7 KW, K 770', 'Husqvarna_967682101_-K-770-Power-Cutters.jpg', 2, '2147483647', '2022-05-04 00:00:00', 1),
(3, '370 MM, POWER CUTTER, 2-STROKE ENGINE, 4.8 KW, K 970 RING', 'Husqvarna_K-970-Ring_967272301_Power-Cutters.png', 1, '2147483647', '2022-05-04 00:00:00', 1),
(4, 'DM 280 CONCRETE CORING MACHINE, 350MM, 2.7KW', 'Husqvarna_966554101_-DM-280-Drill-motors-1.jpg', 2, '9665778808', '2022-05-04 00:00:00', 1),
(5, '350 MM, POWER CUTTER, 2-STROKE ENGINE, 3.7 KW, K 770', 'Husqvarna_967682101_-K-770-Power-Cutters.jpg', 2, '9665778808', '2022-05-04 00:00:00', 1),
(6, '370 MM, POWER CUTTER, 2-STROKE ENGINE, 4.8 KW, K 970 RING', 'Husqvarna_K-970-Ring_967272301_Power-Cutters.png', 1, '9665778808', '2022-05-04 00:00:00', 1),
(7, 'DM 280 CONCRETE CORING MACHINE, 350MM, 2.7KW', 'Husqvarna_966554101_-DM-280-Drill-motors-1.jpg', 2, '9665778808', '2022-05-04 00:00:00', 1),
(8, '350 MM, POWER CUTTER, 2-STROKE ENGINE, 3.7 KW, K 770', 'Husqvarna_967682101_-K-770-Power-Cutters.jpg', 2, '9665778808', '2022-05-04 00:00:00', 1),
(9, '370 MM, POWER CUTTER, 2-STROKE ENGINE, 4.8 KW, K 970 RING', 'Husqvarna_K-970-Ring_967272301_Power-Cutters.png', 1, '9665778808', '2022-05-04 00:00:00', 1),
(10, 'CORE DRILLS ADAPTOR 1-1/4 X 1/2', 'GAZ_DCS-102.jpg', 1, '9665778808', '2022-05-05 10:50:27', 1),
(11, '350 MM, POWER CUTTER, 2-STROKE ENGINE, 3.7 KW, K 770', 'Husqvarna_967682101_-K-770-Power-Cutters.jpg', 2, '789654', '2022-05-06 10:04:54', 1),
(12, 'DM 280 CONCRETE CORING MACHINE, 350MM, 2.7KW', 'Husqvarna_966554101_-DM-280-Drill-motors-1.jpg', 2, '789654', '2022-05-06 10:04:54', 1),
(13, '350 MM, POWER CUTTER, 2-STROKE ENGINE, 3.7 KW, K 770', 'Husqvarna_967682101_-K-770-Power-Cutters.jpg', 2, '789654', '2022-05-06 10:04:57', 1),
(14, 'DM 280 CONCRETE CORING MACHINE, 350MM, 2.7KW', 'Husqvarna_966554101_-DM-280-Drill-motors-1.jpg', 2, '789654', '2022-05-06 10:04:57', 1),
(15, '350 MM, POWER CUTTER, 2-STROKE ENGINE, 3.7 KW, K 770', 'Husqvarna_967682101_-K-770-Power-Cutters.jpg', 2, '789654', '2022-05-06 10:05:49', 1),
(16, 'DM 280 CONCRETE CORING MACHINE, 350MM, 2.7KW', 'Husqvarna_966554101_-DM-280-Drill-motors-1.jpg', 2, '789654', '2022-05-06 10:05:49', 1),
(17, '350 MM, POWER CUTTER, 2-STROKE ENGINE, 3.7 KW, K 770', 'Husqvarna_967682101_-K-770-Power-Cutters.jpg', 2, '789654', '2022-05-06 10:50:22', 1),
(18, 'DM 280 CONCRETE CORING MACHINE, 350MM, 2.7KW', 'Husqvarna_966554101_-DM-280-Drill-motors-1.jpg', 2, '789654', '2022-05-06 10:50:22', 1),
(19, 'VIBRATION METER WITH FLUKE CONNECT', 'FLU_805.jpg', 1, '789654', '2022-05-06 10:50:22', 1),
(20, '350 MM, POWER CUTTER, 2-STROKE ENGINE, 3.7 KW, K 770', 'Husqvarna_967682101_-K-770-Power-Cutters.jpg', 2, '45512', '2022-05-06 11:08:17', 1),
(21, 'DM 280 CONCRETE CORING MACHINE, 350MM, 2.7KW', 'Husqvarna_966554101_-DM-280-Drill-motors-1.jpg', 2, '45512', '2022-05-06 11:08:17', 1),
(22, 'VIBRATION METER WITH FLUKE CONNECT', 'FLU_805.jpg', 1, '45512', '2022-05-06 11:08:17', 1),
(23, '350 MM, POWER CUTTER, 2-STROKE ENGINE, 3.7 KW, K 770', 'Husqvarna_967682101_-K-770-Power-Cutters.jpg', 2, '45512', '2022-05-06 11:09:09', 1),
(24, 'DM 280 CONCRETE CORING MACHINE, 350MM, 2.7KW', 'Husqvarna_966554101_-DM-280-Drill-motors-1.jpg', 2, '45512', '2022-05-06 11:09:09', 1),
(25, 'VIBRATION METER WITH FLUKE CONNECT', 'FLU_805.jpg', 1, '45512', '2022-05-06 11:09:09', 1),
(26, '350 MM, POWER CUTTER, 2-STROKE ENGINE, 3.7 KW, K 770', 'Husqvarna_967682101_-K-770-Power-Cutters.jpg', 2, '9665778808', '2022-05-06 11:20:55', 1),
(27, 'DM 280 CONCRETE CORING MACHINE, 350MM, 2.7KW', 'Husqvarna_966554101_-DM-280-Drill-motors-1.jpg', 2, '9665778808', '2022-05-06 11:20:55', 1),
(28, 'VIBRATION METER WITH FLUKE CONNECT', 'FLU_805.jpg', 1, '9665778808', '2022-05-06 11:20:55', 1),
(29, '350 MM, POWER CUTTER, 2-STROKE ENGINE, 3.7 KW, K 770', 'Husqvarna_967682101_-K-770-Power-Cutters.jpg', 2, '9665778808', '2022-05-06 11:22:02', 1),
(30, 'DM 280 CONCRETE CORING MACHINE, 350MM, 2.7KW', 'Husqvarna_966554101_-DM-280-Drill-motors-1.jpg', 2, '9665778808', '2022-05-06 11:22:02', 1),
(31, 'VIBRATION METER WITH FLUKE CONNECT', 'FLU_805.jpg', 1, '9665778808', '2022-05-06 11:22:02', 1),
(32, '350 MM, POWER CUTTER, 2-STROKE ENGINE, 3.7 KW, K 770', 'Husqvarna_967682101_-K-770-Power-Cutters.jpg', 2, '9665778808', '2022-05-06 11:24:24', 1),
(33, 'DM 280 CONCRETE CORING MACHINE, 350MM, 2.7KW', 'Husqvarna_966554101_-DM-280-Drill-motors-1.jpg', 2, '9665778808', '2022-05-06 11:24:24', 1),
(34, 'VIBRATION METER WITH FLUKE CONNECT', 'FLU_805.jpg', 1, '9665778808', '2022-05-06 11:24:24', 1),
(35, '350 MM, POWER CUTTER, 2-STROKE ENGINE, 3.7 KW, K 770', 'Husqvarna_967682101_-K-770-Power-Cutters.jpg', 2, '789654', '2022-05-06 11:25:15', 1),
(36, 'DM 280 CONCRETE CORING MACHINE, 350MM, 2.7KW', 'Husqvarna_966554101_-DM-280-Drill-motors-1.jpg', 2, '789654', '2022-05-06 11:25:15', 1),
(37, 'VIBRATION METER WITH FLUKE CONNECT', 'FLU_805.jpg', 1, '789654', '2022-05-06 11:25:15', 1),
(38, '350 MM, POWER CUTTER, 2-STROKE ENGINE, 3.7 KW, K 770', 'Husqvarna_967682101_-K-770-Power-Cutters.jpg', 2, '9665778808', '2022-05-06 11:26:45', 1),
(39, 'DM 280 CONCRETE CORING MACHINE, 350MM, 2.7KW', 'Husqvarna_966554101_-DM-280-Drill-motors-1.jpg', 2, '9665778808', '2022-05-06 11:26:45', 1),
(40, 'VIBRATION METER WITH FLUKE CONNECT', 'FLU_805.jpg', 1, '9665778808', '2022-05-06 11:26:45', 1),
(41, '350 MM, POWER CUTTER, 2-STROKE ENGINE, 3.7 KW, K 770', 'Husqvarna_967682101_-K-770-Power-Cutters.jpg', 2, '9665778808', '2022-05-06 11:45:46', 1),
(42, 'DM 280 CONCRETE CORING MACHINE, 350MM, 2.7KW', 'Husqvarna_966554101_-DM-280-Drill-motors-1.jpg', 2, '9665778808', '2022-05-06 11:45:46', 1),
(43, 'VIBRATION METER WITH FLUKE CONNECT', 'FLU_805.jpg', 1, '9665778808', '2022-05-06 11:45:46', 1),
(44, '350 MM, POWER CUTTER, 2-STROKE ENGINE, 3.7 KW, K 770', 'Husqvarna_967682101_-K-770-Power-Cutters.jpg', 2, '9665778808', '2022-05-06 11:46:10', 1),
(45, 'DM 280 CONCRETE CORING MACHINE, 350MM, 2.7KW', 'Husqvarna_966554101_-DM-280-Drill-motors-1.jpg', 2, '9665778808', '2022-05-06 11:46:10', 1),
(46, 'VIBRATION METER WITH FLUKE CONNECT', 'FLU_805.jpg', 1, '9665778808', '2022-05-06 11:46:10', 1),
(47, '350 MM, POWER CUTTER, 2-STROKE ENGINE, 3.7 KW, K 770', 'Husqvarna_967682101_-K-770-Power-Cutters.jpg', 2, '9665778808', '2022-05-06 11:46:49', 1),
(48, 'DM 280 CONCRETE CORING MACHINE, 350MM, 2.7KW', 'Husqvarna_966554101_-DM-280-Drill-motors-1.jpg', 2, '9665778808', '2022-05-06 11:46:49', 1),
(49, 'VIBRATION METER WITH FLUKE CONNECT', 'FLU_805.jpg', 1, '9665778808', '2022-05-06 11:46:49', 1),
(50, '350 MM, POWER CUTTER, 2-STROKE ENGINE, 3.7 KW, K 770', 'Husqvarna_967682101_-K-770-Power-Cutters.jpg', 2, '9665778808', '2022-05-06 11:51:48', 1),
(51, 'DM 280 CONCRETE CORING MACHINE, 350MM, 2.7KW', 'Husqvarna_966554101_-DM-280-Drill-motors-1.jpg', 2, '9665778808', '2022-05-06 11:51:48', 1),
(52, 'VIBRATION METER WITH FLUKE CONNECT', 'FLU_805.jpg', 1, '9665778808', '2022-05-06 11:51:48', 1),
(53, 'VIBRATION METER/DATALOGGER', 'EXTECH_VIBRATION-TESTERS.png', 1, '9665778808', '2022-05-06 11:51:48', 1),
(54, '350 MM, POWER CUTTER, 2-STROKE ENGINE, 3.7 KW, K 770', 'Husqvarna_967682101_-K-770-Power-Cutters.jpg', 2, '9665778808', '2022-05-06 11:52:29', 1),
(55, 'DM 280 CONCRETE CORING MACHINE, 350MM, 2.7KW', 'Husqvarna_966554101_-DM-280-Drill-motors-1.jpg', 2, '9665778808', '2022-05-06 11:52:29', 1),
(56, 'VIBRATION METER WITH FLUKE CONNECT', 'FLU_805.jpg', 1, '9665778808', '2022-05-06 11:52:29', 1),
(57, 'VIBRATION METER/DATALOGGER', 'EXTECH_VIBRATION-TESTERS.png', 1, '9665778808', '2022-05-06 11:52:29', 1),
(58, '350 MM, POWER CUTTER, 2-STROKE ENGINE, 3.7 KW, K 770', 'Husqvarna_967682101_-K-770-Power-Cutters.jpg', 2, '9665778808', '2022-05-06 11:52:46', 1),
(59, 'DM 280 CONCRETE CORING MACHINE, 350MM, 2.7KW', 'Husqvarna_966554101_-DM-280-Drill-motors-1.jpg', 2, '9665778808', '2022-05-06 11:52:46', 1),
(60, 'VIBRATION METER WITH FLUKE CONNECT', 'FLU_805.jpg', 1, '9665778808', '2022-05-06 11:52:46', 1),
(61, 'VIBRATION METER/DATALOGGER', 'EXTECH_VIBRATION-TESTERS.png', 1, '9665778808', '2022-05-06 11:52:46', 1),
(62, '350 MM, POWER CUTTER, 2-STROKE ENGINE, 3.7 KW, K 770', 'Husqvarna_967682101_-K-770-Power-Cutters.jpg', 2, '9665778808', '2022-05-06 11:54:16', 1),
(63, 'DM 280 CONCRETE CORING MACHINE, 350MM, 2.7KW', 'Husqvarna_966554101_-DM-280-Drill-motors-1.jpg', 2, '9665778808', '2022-05-06 11:54:16', 1),
(64, 'VIBRATION METER WITH FLUKE CONNECT', 'FLU_805.jpg', 1, '9665778808', '2022-05-06 11:54:16', 1),
(65, 'VIBRATION METER/DATALOGGER', 'EXTECH_VIBRATION-TESTERS.png', 1, '9665778808', '2022-05-06 11:54:16', 1),
(66, '350 MM, POWER CUTTER, 2-STROKE ENGINE, 3.7 KW, K 770', 'Husqvarna_967682101_-K-770-Power-Cutters.jpg', 2, '9665778808', '2022-05-06 11:58:46', 1),
(67, 'DM 280 CONCRETE CORING MACHINE, 350MM, 2.7KW', 'Husqvarna_966554101_-DM-280-Drill-motors-1.jpg', 2, '9665778808', '2022-05-06 11:58:46', 1),
(68, 'VIBRATION METER WITH FLUKE CONNECT', 'FLU_805.jpg', 1, '9665778808', '2022-05-06 11:58:46', 1),
(69, 'VIBRATION METER/DATALOGGER', 'EXTECH_VIBRATION-TESTERS.png', 1, '9665778808', '2022-05-06 11:58:46', 1),
(70, '350 MM, POWER CUTTER, 2-STROKE ENGINE, 3.7 KW, K 770', 'Husqvarna_967682101_-K-770-Power-Cutters.jpg', 2, '9665778808', '2022-05-06 12:04:15', 1),
(71, 'DM 280 CONCRETE CORING MACHINE, 350MM, 2.7KW', 'Husqvarna_966554101_-DM-280-Drill-motors-1.jpg', 2, '9665778808', '2022-05-06 12:04:15', 1),
(72, 'VIBRATION METER WITH FLUKE CONNECT', 'FLU_805.jpg', 1, '9665778808', '2022-05-06 12:04:15', 1),
(73, 'VIBRATION METER/DATALOGGER', 'EXTECH_VIBRATION-TESTERS.png', 1, '9665778808', '2022-05-06 12:04:15', 1),
(74, '230 MM, POWER CUTTER, 2.7 KW, 220V, K 4000 CUT-N-BREAK', 'Husqvarna_K-4000-CutnBreak_967079701_Power-Cutters.png', 1, '7896541258', '2022-05-06 12:11:30', 1),
(75, '230 MM, POWER CUTTER, 2.7 KW, 220V, K 4000 CUT-N-BREAK', 'Husqvarna_K-4000-CutnBreak_967079701_Power-Cutters.png', 1, '975623', '2022-05-06 12:12:31', 1),
(76, '350 MM, POWER CUTTER, 2-STROKE ENGINE, 3.7 KW, K 770', 'Husqvarna_967682101_-K-770-Power-Cutters.jpg', 1, '975623', '2022-05-06 12:12:31', 1),
(77, '230 MM, POWER CUTTER, 2.7 KW, 220V, K 4000 CUT-N-BREAK', 'Husqvarna_K-4000-CutnBreak_967079701_Power-Cutters.png', 1, '9665778808', '2022-05-06 12:13:39', 1),
(78, '350 MM, POWER CUTTER, 2-STROKE ENGINE, 3.7 KW, K 770', 'Husqvarna_967682101_-K-770-Power-Cutters.jpg', 1, '9665778808', '2022-05-06 12:13:39', 1),
(79, '230 MM, POWER CUTTER, 2.7 KW, 220V, K 4000 CUT-N-BREAK', 'Husqvarna_K-4000-CutnBreak_967079701_Power-Cutters.png', 1, '9665778808', '2022-05-06 12:14:08', 1),
(80, '350 MM, POWER CUTTER, 2-STROKE ENGINE, 3.7 KW, K 770', 'Husqvarna_967682101_-K-770-Power-Cutters.jpg', 1, '9665778808', '2022-05-06 12:14:08', 1),
(81, '230 MM, POWER CUTTER, 2.7 KW, 220V, K 4000 CUT-N-BREAK', 'Husqvarna_K-4000-CutnBreak_967079701_Power-Cutters.png', 1, '9665778808', '2022-05-06 12:14:37', 1),
(82, '350 MM, POWER CUTTER, 2-STROKE ENGINE, 3.7 KW, K 770', 'Husqvarna_967682101_-K-770-Power-Cutters.jpg', 1, '9665778808', '2022-05-06 12:14:37', 1),
(83, '230 MM, POWER CUTTER, 2.7 KW, 220V, K 4000 CUT-N-BREAK', 'Husqvarna_K-4000-CutnBreak_967079701_Power-Cutters.png', 1, '9665778808', '2022-05-06 12:14:39', 1),
(84, '350 MM, POWER CUTTER, 2-STROKE ENGINE, 3.7 KW, K 770', 'Husqvarna_967682101_-K-770-Power-Cutters.jpg', 1, '9665778808', '2022-05-06 12:14:39', 1),
(85, '230 MM, POWER CUTTER, 2.7 KW, 220V, K 4000 CUT-N-BREAK', 'Husqvarna_K-4000-CutnBreak_967079701_Power-Cutters.png', 1, '9665778808', '2022-05-06 12:15:19', 1),
(86, '350 MM, POWER CUTTER, 2-STROKE ENGINE, 3.7 KW, K 770', 'Husqvarna_967682101_-K-770-Power-Cutters.jpg', 1, '9665778808', '2022-05-06 12:15:19', 1),
(87, '230 MM, POWER CUTTER, 2.7 KW, 220V, K 4000 CUT-N-BREAK', 'Husqvarna_K-4000-CutnBreak_967079701_Power-Cutters.png', 1, '9665778808', '2022-05-06 12:15:22', 1),
(88, '350 MM, POWER CUTTER, 2-STROKE ENGINE, 3.7 KW, K 770', 'Husqvarna_967682101_-K-770-Power-Cutters.jpg', 1, '9665778808', '2022-05-06 12:15:22', 1),
(89, '230 MM, POWER CUTTER, 2.7 KW, 220V, K 4000 CUT-N-BREAK', 'Husqvarna_K-4000-CutnBreak_967079701_Power-Cutters.png', 1, '9665778808', '2022-05-06 12:15:46', 1),
(90, '350 MM, POWER CUTTER, 2-STROKE ENGINE, 3.7 KW, K 770', 'Husqvarna_967682101_-K-770-Power-Cutters.jpg', 1, '9665778808', '2022-05-06 12:15:46', 1),
(91, '230 MM, POWER CUTTER, 2.7 KW, 220V, K 4000 CUT-N-BREAK', 'Husqvarna_K-4000-CutnBreak_967079701_Power-Cutters.png', 1, '9665778808', '2022-05-06 12:15:59', 1),
(92, '350 MM, POWER CUTTER, 2-STROKE ENGINE, 3.7 KW, K 770', 'Husqvarna_967682101_-K-770-Power-Cutters.jpg', 1, '9665778808', '2022-05-06 12:15:59', 1),
(93, '230 MM, POWER CUTTER, 2.7 KW, 220V, K 4000 CUT-N-BREAK', 'Husqvarna_K-4000-CutnBreak_967079701_Power-Cutters.png', 1, '9665778808', '2022-05-06 12:17:06', 1),
(94, '350 MM, POWER CUTTER, 2-STROKE ENGINE, 3.7 KW, K 770', 'Husqvarna_967682101_-K-770-Power-Cutters.jpg', 1, '9665778808', '2022-05-06 12:17:06', 1),
(95, '230 MM, POWER CUTTER, 2.7 KW, 220V, K 4000 CUT-N-BREAK', 'Husqvarna_K-4000-CutnBreak_967079701_Power-Cutters.png', 1, '9665778808', '2022-05-06 12:22:54', 1),
(96, '350 MM, POWER CUTTER, 2-STROKE ENGINE, 3.7 KW, K 770', 'Husqvarna_967682101_-K-770-Power-Cutters.jpg', 1, '9665778808', '2022-05-06 12:22:54', 1),
(97, '230 MM, POWER CUTTER, 2.7 KW, 220V, K 4000 CUT-N-BREAK', 'Husqvarna_K-4000-CutnBreak_967079701_Power-Cutters.png', 1, '9665778808', '2022-05-06 12:24:28', 1),
(98, '350 MM, POWER CUTTER, 2-STROKE ENGINE, 3.7 KW, K 770', 'Husqvarna_967682101_-K-770-Power-Cutters.jpg', 1, '9665778808', '2022-05-06 12:24:28', 1),
(99, '230 MM, POWER CUTTER, 2.7 KW, 220V, K 4000 CUT-N-BREAK', 'Husqvarna_K-4000-CutnBreak_967079701_Power-Cutters.png', 1, '9665778808', '2022-05-06 12:25:45', 1),
(100, '350 MM, POWER CUTTER, 2-STROKE ENGINE, 3.7 KW, K 770', 'Husqvarna_967682101_-K-770-Power-Cutters.jpg', 1, '9665778808', '2022-05-06 12:25:45', 1),
(101, '230 MM, POWER CUTTER, 2.7 KW, 220V, K 4000 CUT-N-BREAK', 'Husqvarna_K-4000-CutnBreak_967079701_Power-Cutters.png', 1, '9665778808', '2022-05-06 12:26:21', 1),
(102, '350 MM, POWER CUTTER, 2-STROKE ENGINE, 3.7 KW, K 770', 'Husqvarna_967682101_-K-770-Power-Cutters.jpg', 1, '9665778808', '2022-05-06 12:26:21', 1),
(103, '230 MM, POWER CUTTER, 2.7 KW, 220V, K 4000 CUT-N-BREAK', 'Husqvarna_K-4000-CutnBreak_967079701_Power-Cutters.png', 1, '9665778808', '2022-05-06 12:30:25', 1),
(104, '350 MM, POWER CUTTER, 2-STROKE ENGINE, 3.7 KW, K 770', 'Husqvarna_967682101_-K-770-Power-Cutters.jpg', 1, '9665778808', '2022-05-06 12:30:25', 1),
(105, '350 MM, POWER CUTTER, 2-STROKE ENGINE, 3.7 KW, K 770', 'Husqvarna_967682101_-K-770-Power-Cutters.jpg', 1, '9665778808', '2022-05-06 12:33:39', 1),
(106, '350 MM, POWER CUTTER, 2-STROKE ENGINE, 3.7 KW, K 770', 'Husqvarna_967682101_-K-770-Power-Cutters.jpg', 1, '9665778808', '2022-05-06 12:35:20', 1),
(107, '350 MM, POWER CUTTER, 2-STROKE ENGINE, 3.7 KW, K 770', 'Husqvarna_967682101_-K-770-Power-Cutters.jpg', 1, '9665778808', '2022-05-06 12:41:23', 1),
(108, '350 MM, POWER CUTTER, 2-STROKE ENGINE, 3.7 KW, K 770', 'Husqvarna_967682101_-K-770-Power-Cutters.jpg', 1, '9665778808', '2022-05-06 12:58:35', 1),
(109, 'K 4000 POWER CUTTERS 350MM', 'Husqvarna_967079801_K-4000-Power-Cutters.jpg', 1, '9665778808', '2022-05-06 14:37:29', 1),
(110, 'K 4000 POWER CUTTERS 350MM', 'Husqvarna_967079801_K-4000-Power-Cutters.jpg', 2, '9665778808', '2022-05-06 14:58:52', 1),
(111, '350 MM, POWER CUTTER, 2-STROKE ENGINE, 3.7 KW, K 770', 'Husqvarna_967682101_-K-770-Power-Cutters.jpg', 4, '9665778808', '2022-05-06 14:58:52', 1),
(112, '100mm double row diamond cup wheel', 'Dewalt_DW8545_DIAMOND-METAL-CUTOFF-WHEEL-115-X-1.3MM-180x180.jpg', 5, '9156100521', '2022-05-06 15:21:18', 1),
(113, '350 MM, POWER CUTTER, 2-STROKE ENGINE, 3.7 KW, K 770', 'Husqvarna_967682101_-K-770-Power-Cutters.jpg', 1, '9156100521', '2022-05-06 15:21:18', 1),
(114, '100mm double row diamond cup wheel', 'Dewalt_DW8545_DIAMOND-METAL-CUTOFF-WHEEL-115-X-1.3MM-180x180.jpg', 5, '9665778808', '2022-05-06 15:24:52', 1),
(115, '350 MM, POWER CUTTER, 2-STROKE ENGINE, 3.7 KW, K 770', 'Husqvarna_967682101_-K-770-Power-Cutters.jpg', 1, '9665778808', '2022-05-06 15:24:52', 1),
(116, '100mm double row diamond cup wheel', 'Dewalt_DW8545_DIAMOND-METAL-CUTOFF-WHEEL-115-X-1.3MM-180x180.jpg', 5, '9665778808', '2022-05-06 15:33:35', 1),
(117, '350 MM, POWER CUTTER, 2-STROKE ENGINE, 3.7 KW, K 770', 'Husqvarna_967682101_-K-770-Power-Cutters.jpg', 1, '9665778808', '2022-05-06 15:33:35', 1),
(118, '100mm double row diamond cup wheel', 'Dewalt_DW8545_DIAMOND-METAL-CUTOFF-WHEEL-115-X-1.3MM-180x180.jpg', 5, '9665778808', '2022-05-06 15:57:22', 1),
(119, '350 MM, POWER CUTTER, 2-STROKE ENGINE, 3.7 KW, K 770', 'Husqvarna_967682101_-K-770-Power-Cutters.jpg', 1, '9665778808', '2022-05-06 15:57:22', 1),
(120, '350 MM, POWER CUTTER, 2-STROKE ENGINE, 3.7 KW, K 770', 'Husqvarna_967682101_-K-770-Power-Cutters.jpg', 1, '8899889988', '2022-05-06 16:01:00', 1),
(121, '350 MM, POWER CUTTER, 2-STROKE ENGINE, 3.7 KW, K 770', 'Husqvarna_967682101_-K-770-Power-Cutters.jpg', 3, '9665778808', '2022-05-07 10:43:23', 1),
(122, '400 MM, POWER CUTTER, 2-STROKE ENGINE, 4.8 KW, K 970', 'Husqvarna_967682101_-K-770-Power-Cutters.jpg', 1, '9665778808', '2022-05-07 10:43:23', 1),
(123, '370 MM, POWER CUTTER, 2-STROKE ENGINE, 4.8 KW, K 970 RING', 'Husqvarna_K-970-Ring_967272301_Power-Cutters.png', 1, '9665778808', '2022-05-09 13:20:54', 1),
(124, 'K 4000 POWER CUTTERS 350MM', 'Husqvarna_967079801_K-4000-Power-Cutters.jpg', 1, '7896541212', '2022-05-09 15:26:09', 1),
(125, 'K 4000 POWER CUTTERS 350MM', 'Husqvarna_967079801_K-4000-Power-Cutters.jpg', 1, '9665778808', '2022-05-09 15:29:17', 1),
(126, '400 MM, POWER CUTTER, 2-STROKE ENGINE, 4.8 KW, K 970', 'Husqvarna_967682101_-K-770-Power-Cutters.jpg', 1, '9665778808', '2022-05-09 15:29:17', 1),
(127, 'DM 280 CONCRETE CORING MACHINE, 350MM, 2.7KW', 'Husqvarna_966554101_-DM-280-Drill-motors-1.jpg', 1, '9665778808', '2022-05-09 15:29:17', 1),
(128, '600 MM, FLOOR SAW, 4-STROKE ENGINE, 15.5 KW, FS 524', 'Husqvarna_FS-413_965150102_Floor-Saw.png', 1, '9665778808', '2022-05-09 15:29:17', 1),
(129, 'K 4000 POWER CUTTERS 350MM', 'Husqvarna_967079801_K-4000-Power-Cutters.jpg', 1, '7896541212', '2022-05-09 15:33:00', 1),
(130, '400 MM, POWER CUTTER, 2-STROKE ENGINE, 4.8 KW, K 970', 'Husqvarna_967682101_-K-770-Power-Cutters.jpg', 1, '7896541212', '2022-05-09 15:33:00', 1),
(131, 'DM 280 CONCRETE CORING MACHINE, 350MM, 2.7KW', 'Husqvarna_966554101_-DM-280-Drill-motors-1.jpg', 1, '7896541212', '2022-05-09 15:33:00', 1),
(132, '600 MM, FLOOR SAW, 4-STROKE ENGINE, 15.5 KW, FS 524', 'Husqvarna_FS-413_965150102_Floor-Saw.png', 1, '7896541212', '2022-05-09 15:33:00', 1),
(133, 'K 4000 POWER CUTTERS 350MM', 'Husqvarna_967079801_K-4000-Power-Cutters.jpg', 1, '9665778808', '2022-05-09 15:44:24', 1),
(134, '400 MM, POWER CUTTER, 2-STROKE ENGINE, 4.8 KW, K 970', 'Husqvarna_967682101_-K-770-Power-Cutters.jpg', 1, '9665778808', '2022-05-09 15:44:24', 1),
(135, 'DM 280 CONCRETE CORING MACHINE, 350MM, 2.7KW', 'Husqvarna_966554101_-DM-280-Drill-motors-1.jpg', 1, '9665778808', '2022-05-09 15:44:24', 1),
(136, '600 MM, FLOOR SAW, 4-STROKE ENGINE, 15.5 KW, FS 524', 'Husqvarna_FS-413_965150102_Floor-Saw.png', 1, '9665778808', '2022-05-09 15:44:24', 1),
(137, 'K 4000 POWER CUTTERS 350MM', 'Husqvarna_967079801_K-4000-Power-Cutters.jpg', 1, '9665778808', '2022-05-09 15:48:07', 1),
(138, '400 MM, POWER CUTTER, 2-STROKE ENGINE, 4.8 KW, K 970', 'Husqvarna_967682101_-K-770-Power-Cutters.jpg', 1, '9665778808', '2022-05-09 15:48:07', 1),
(139, 'DM 280 CONCRETE CORING MACHINE, 350MM, 2.7KW', 'Husqvarna_966554101_-DM-280-Drill-motors-1.jpg', 1, '9665778808', '2022-05-09 15:48:07', 1),
(140, '600 MM, FLOOR SAW, 4-STROKE ENGINE, 15.5 KW, FS 524', 'Husqvarna_FS-413_965150102_Floor-Saw.png', 1, '9665778808', '2022-05-09 15:48:07', 1),
(141, 'K 4000 POWER CUTTERS 350MM', 'Husqvarna_967079801_K-4000-Power-Cutters.jpg', 2, '9665778808', '2022-05-09 16:02:23', 1),
(142, '400 MM, POWER CUTTER, 2-STROKE ENGINE, 4.8 KW, K 970', 'Husqvarna_967682101_-K-770-Power-Cutters.jpg', 1, '9665778808', '2022-05-09 16:02:23', 1),
(143, 'DM 280 CONCRETE CORING MACHINE, 350MM, 2.7KW', 'Husqvarna_966554101_-DM-280-Drill-motors-1.jpg', 1, '9665778808', '2022-05-09 16:02:23', 1),
(144, '600 MM, FLOOR SAW, 4-STROKE ENGINE, 15.5 KW, FS 524', 'Husqvarna_FS-413_965150102_Floor-Saw.png', 1, '9665778808', '2022-05-09 16:02:23', 1),
(145, '370 MM, POWER CUTTER, 2-STROKE ENGINE, 4.8 KW, K 970 RING', 'Husqvarna_K-970-Ring_967272301_Power-Cutters.png', 2, '9665778808', '2022-05-09 16:02:23', 1),
(146, 'K 4000 POWER CUTTERS 350MM', 'Husqvarna_967079801_K-4000-Power-Cutters.jpg', 2, '9665778808', '2022-05-09 16:05:05', 1),
(147, '400 MM, POWER CUTTER, 2-STROKE ENGINE, 4.8 KW, K 970', 'Husqvarna_967682101_-K-770-Power-Cutters.jpg', 1, '9665778808', '2022-05-09 16:05:05', 1),
(148, 'DM 280 CONCRETE CORING MACHINE, 350MM, 2.7KW', 'Husqvarna_966554101_-DM-280-Drill-motors-1.jpg', 1, '9665778808', '2022-05-09 16:05:05', 1),
(149, '600 MM, FLOOR SAW, 4-STROKE ENGINE, 15.5 KW, FS 524', 'Husqvarna_FS-413_965150102_Floor-Saw.png', 1, '9665778808', '2022-05-09 16:05:05', 1),
(150, '370 MM, POWER CUTTER, 2-STROKE ENGINE, 4.8 KW, K 970 RING', 'Husqvarna_K-970-Ring_967272301_Power-Cutters.png', 2, '9665778808', '2022-05-09 16:05:05', 1),
(151, 'K 4000 POWER CUTTERS 350MM', 'Husqvarna_967079801_K-4000-Power-Cutters.jpg', 2, '9665778808', '2022-05-10 11:19:25', 1),
(152, 'K 4000 POWER CUTTERS 350MM', 'Husqvarna_967079801_K-4000-Power-Cutters.jpg', 2, '9665778808', '2022-05-10 11:21:21', 1),
(153, 'DM 280 CONCRETE CORING MACHINE, 350MM, 2.7KW', 'Husqvarna_966554101_-DM-280-Drill-motors-1.jpg', 1, '789654', '2022-05-24 11:07:30', 1),
(154, 'DM 280 CONCRETE CORING MACHINE, 350MM, 2.7KW', 'Husqvarna_966554101_-DM-280-Drill-motors-1.jpg', 1, '789654', '2022-05-24 11:07:30', 1),
(155, 'kalake 2', 'photo-1523275335684-37898b6baf30.jpg', 1, '9865352515', '2022-09-18 19:09:57', 1),
(156, 'DS 250 CORE DRILL STANDS 250 MM', 'Husqvarna_966827301_DS-250-Drill-stands-1.jpeg', 2, '85652545', '2022-10-01 16:35:19', 1),
(157, 'DS 250 CORE DRILL STANDS 250 MM', 'Husqvarna_966827301_DS-250-Drill-stands-1.jpeg', 2, '85652545', '2022-10-01 16:37:05', 1),
(158, 'DS 250 CORE DRILL STANDS 250 MM', 'Husqvarna_966827301_DS-250-Drill-stands-1.jpeg', 2, '85652545', '2022-10-01 16:37:07', 1);

-- --------------------------------------------------------

--
-- Table structure for table `products`
--

CREATE TABLE `products` (
  `product_id` int(11) NOT NULL,
  `product_name` varchar(200) NOT NULL,
  `category_id` int(11) NOT NULL,
  `subcategory_id` int(11) NOT NULL,
  `brand_id` int(11) DEFAULT NULL,
  `image` longtext NOT NULL,
  `flag` int(11) NOT NULL
) ENGINE=InnoDB DEFAULT CHARSET=latin1;

--
-- Dumping data for table `products`
--

INSERT INTO `products` (`product_id`, `product_name`, `category_id`, `subcategory_id`, `brand_id`, `image`, `flag`) VALUES
(14, 'Select', 1, 1, 0, '', 1),
(15, 'Concrete Core Drills And Stands', 39, 48, 0, 'Concrete-Saws-and-Drills.jpg', 1),
(16, 'Concrete Saws', 39, 48, 0, 'Husqvarna_967079801_K-4000-Power-Cutters.jpg', 1),
(17, 'Floor Saws', 39, 48, 0, 'Husqvarna_965150101_FS-410-D-Floor-saws.jpg', 1),
(18, 'Masonry Saws', 39, 48, 0, 'Husqvarna_965154601_TS-300-E-Masonry-saws.jpg', 1),
(19, 'Core Bits', 39, 48, 0, 'Core-Drills-Attachments.jpg', 1),
(20, 'Concrete Blades', 39, 48, 0, 'Concrete-Blades.jpg', 1),
(21, 'Diamond Cup Wheels', 39, 48, 0, 'Diamond-Cup-Wheels.jpg', 1),
(22, '12V Cordless Drills', 39, 50, 0, 'DEW_DCD710C2-B5.jpg', 1),
(23, '14.4V Cordless Drills', 39, 50, 0, 'DEW_DCD732D2-GB.jpg', 1),
(24, '54V Cordless Drills', 39, 50, 0, 'flexvolt_main.jpg', 1),
(25, 'Vibration Testers', 40, 61, 7, 'EXTECH_VIBRATION-TESTERS.png', 1),
(26, 'Vibration Testers and Analyzers', 40, 61, 0, 'FLU_805.jpg', 1),
(27, 'Shaft Alignment Tools', 40, 61, 0, 'FLK_830-6.jpg', 1),
(29, 'no_product', 1, 1, 0, '', 1),
(31, 'Concrete Saws And Drills', 39, 49, 0, 'Concrete-Saws-and-Drills.jpg', 1),
(32, 'demo', 40, 72, 0, 'adminlogo.png', 1),
(33, 'xyz&subxyz product', 100, 74, 3, 'Screenshot (2).png', 1),
(34, 'main cat pro', 43, 0, 3, '1663491094_Screenshot (1).png', 1),
(35, 'Main fluke Pro', 45, 0, 3, '1663506740_photo-1523275335684-37898b6baf30.jpg', 1),
(36, 'kdkdkdk', 100, 0, 5, '1664621190_Screenshot (1).png', 1),
(37, 'One Products', 101, 75, 23, '1664625824_images (1).jpg', 1);

-- --------------------------------------------------------

--
-- Table structure for table `sub_category`
--

CREATE TABLE `sub_category` (
  `subcategory_id` int(11) NOT NULL,
  `subcategory_name` varchar(400) NOT NULL,
  `category_id` int(11) DEFAULT NULL,
  `brand_id` int(11) DEFAULT NULL,
  `image` longtext NOT NULL,
  `flag` int(11) NOT NULL
) ENGINE=InnoDB DEFAULT CHARSET=latin1;

--
-- Dumping data for table `sub_category`
--

INSERT INTO `sub_category` (`subcategory_id`, `subcategory_name`, `category_id`, `brand_id`, `image`, `flag`) VALUES
(48, 'Concrete Saws And Drills', 39, 3, 'DEW_DCB127-XJ-7.jpg', 1),
(49, 'Battery and Charger Kit', 39, 3, 'Bosch_6032A2103_Glue-Cordless-e1590564199412.jpg', 1),
(50, 'Cordless Drills', 39, 3, 'CordlessTools_ProductCat.jpg', 1),
(51, 'Rotary and Demolition Hammers', 39, 3, 'DEW_D25144K-GB.jpg', 1),
(52, 'Drills and Fastening Tools', 39, 3, 'Drills_ProductCat.jpg', 1),
(53, 'Impact Drivers And Wrenches', 39, 3, 'DEWALT_DCF801D2-GB_Compact-Impact-Driver-Kit.jpg', 1),
(54, 'Wood Working Tools', 39, 3, 'DEW_D26203-GB.jpg', 1),
(55, 'Cordless Battery & Chargers', 39, 3, 'DEW_DCB142-XJ.jpg', 1),
(56, 'Grinders', 39, 3, 'DEW_DWE4557-B4-3.jpg', 1),
(57, 'Dust Management', 39, 3, 'Husvarna_967664004_S-13-Dust-and-slurry-management.jpg', 1),
(58, 'Mixers & Paddles', 39, 3, 'Rubi_25942_DT71563-QZ-110v.png', 1),
(59, 'Hot Glueing', 39, 3, 'Bosch_6032A2103_Glue-Cordless-e1590564199412.jpg', 1),
(61, 'Vibration and Alignment', 40, 7, 'FLU_805.jpg', 1),
(62, 'Intrinsically Safe Tools', 40, 7, 'FLU_725Ex.jpg', 1),
(63, 'Battery Analyzers', 40, 7, 'Fluke_BATTERY-ANALYZERS-01.png', 1),
(64, 'Testing Tools Combo Kits', 40, 7, 'FLU_116-323-Kit-6.jpg', 1),
(65, 'Large Format Cutting Saws', 41, 4, 'Rubi_51902_TC-125.png', 1),
(66, 'Tile Leveling Systems', 41, 4, 'Rubi_3930_Levelling-System.jpg', 1),
(67, 'Scoring wheels', 41, 4, 'Rubi_1901_Plus-Extreme-Scoring-Wheel-22mm.jpg', 1),
(68, 'Manual Tile Cutters', 41, 4, 'Rubi_14909_TQ-102-1.jpg', 1),
(69, 'Tile Blades', 41, 4, 'Rubi_32932_CPJ-115-SUPERPRO-1.jpg', 1),
(70, 'Tile Fixing Tools', 41, 4, 'Rubi_25906_Steel-Notched-Trowel.jpg', 1),
(72, 'demo', 40, 7, 'testing equipment.jpg', 1),
(74, 'sub-xyz', 100, 5, 'Screenshot (2).png', 1),
(75, 'One Sub Category', 101, 0, 'images.jpg', 1);

-- --------------------------------------------------------

--
-- Table structure for table `sub_product`
--

CREATE TABLE `sub_product` (
  `sub_product_id` int(11) NOT NULL,
  `sub_product_name` varchar(1000) NOT NULL,
  `model_no` varchar(200) NOT NULL,
  `category_id` int(11) NOT NULL,
  `subcategory_id` int(11) NOT NULL,
  `product_id` int(11) NOT NULL,
  `brand_id` int(11) NOT NULL,
  `short_description` text NOT NULL,
  `features` mediumtext DEFAULT NULL,
  `specifications` mediumtext DEFAULT NULL,
  `download_link` mediumtext DEFAULT NULL,
  `file_name` varchar(250) CHARACTER SET utf8 COLLATE utf8_unicode_ci NOT NULL,
  `uploaded_on` datetime NOT NULL,
  `flag` int(11) NOT NULL
) ENGINE=InnoDB DEFAULT CHARSET=utf8mb4;

--
-- Dumping data for table `sub_product`
--

INSERT INTO `sub_product` (`sub_product_id`, `sub_product_name`, `model_no`, `category_id`, `subcategory_id`, `product_id`, `brand_id`, `short_description`, `features`, `specifications`, `download_link`, `file_name`, `uploaded_on`, `flag`) VALUES
(1, 'DM 280 CONCRETE CORING MACHINE, 350MM, 2.7KW', '966554101', 39, 48, 15, 2, '<ul>\r\n	<li>Drill with maximum pressure.</li>\r\n	<li>Durable and ergonomic design.</li>\r\n	<li>Reliable gearbox. Easy start with reduced speed.</li>\r\n</ul>\r\n', '<ul>\r\n	<li>Drill with maximum pressure.&nbsp;A LED indicator shows the load of the machine, allowing you to always drill at maximum pressure.</li>\r\n	<li>Durable and ergonomic design.&nbsp;Durable and shock-proof, designed to protect the electronics. Easy to carry and install thanks to low weight and ergonomic design.</li>\r\n	<li>Reliable gearbox.&nbsp;Water-cooled 3 speed gearbox for optimal drilling performance and longer service intervals.</li>\r\n	<li>Easy start with reduced speed.&nbsp;To facilitate making a starter hole, speed is reduced by half using the Smart Start button.</li>\r\n</ul>\r\n', '<ul>\r\n	<li><strong>Dimensions</strong></li>\r\n	<li>Water connector:&nbsp;<strong>G 1 / 4&Prime;</strong></li>\r\n	<li>Weight:&nbsp;<strong>13 kg</strong></li>\r\n	<li>Product size length:&nbsp;<strong>485 mm</strong></li>\r\n	<li>Product size width:&nbsp;<strong>142 mm</strong></li>\r\n	<li><strong>Drilling equipment</strong></li>\r\n	<li>Drill bit diameter with stand, max:&nbsp;<strong>350 mm</strong></li>\r\n	<li>Recommended drill bit diameter, min:&nbsp;<strong>50 mm</strong></li>\r\n	<li><strong>Motor</strong></li>\r\n	<li>Electronic product:&nbsp;<strong>Yes</strong></li>\r\n	<li>Frequency:&nbsp;<strong>50 Hz</strong></li>\r\n	<li>Voltage:&nbsp;<strong>220-240 V</strong></li>\r\n	<li>Rated input power:&nbsp;<strong>2.7 kW</strong></li>\r\n	<li><strong>Sound and noise</strong></li>\r\n	<li>Sound power level, guaranteed (LWA):&nbsp;<strong>113 dB(A)</strong></li>\r\n	<li>Sound power level, measured:&nbsp;<strong>112 dB(A)</strong></li>\r\n	<li>Sound pressure level at operators ear:&nbsp;<strong>98 dB(A)</strong></li>\r\n	<li><strong>Specifications</strong></li>\r\n	<li>Water pressure, max:&nbsp;<strong>8 bar</strong></li>\r\n	<li>Spindle thread, outer:&nbsp;<strong>1 1/4&Prime; 7 UNC</strong></li>\r\n	<li><strong>Transmission</strong></li>\r\n	<li>Number of gearbox speeds:&nbsp;<strong>3</strong></li>\r\n</ul>\r\n', '<p><a href=\"https://www.aabtools.com/wp-content/uploads/Husqvarna_966554101_-Manual_DM-280-Drill-motors.pdf\" target=\"_blank\">Husqvarna_966554101_ Manual_DM 280 Drill motors</a></p>\r\n', 'Husqvarna_966554101_-DM-280-Drill-motors-1.jpg,husqvarna-core-drill-machine-966554101-180x180.jpg,', '2022-03-22 10:55:07', 1),
(2, 'DS 250 CORE DRILL STANDS 250 MM', '966827301', 39, 48, 15, 2, '<ul>\r\n	<li>Straight and accurate drilling.</li>\r\n	<li>Optimum cranking speed.</li>\r\n	<li>Angle drilling.</li>\r\n</ul>\r\n', '<ul>\r\n	<li>Straight and accurate drilling.&nbsp;The carriage has guide rollers which helps drill straight holes.</li>\r\n	<li>Optimum cranking speed.&nbsp;Carriage with single and double gearing for efficient drilling.</li>\r\n	<li>Angle drilling.&nbsp;The unit can be set for drilling at different angles.</li>\r\n	<li>Vertical drilling.&nbsp;Drilling upwards and downwards.</li>\r\n</ul>\r\n', '<ul>\r\n	<li><strong>Drilling equipment</strong></li>\r\n	<li>Drill bit diameter, max:&nbsp;<strong>250 mm</strong></li>\r\n	<li>Drill bit length with recommended drill motor, max:&nbsp;<strong>584/700 mm</strong></li>\r\n	<li><strong>Specifications</strong></li>\r\n	<li>Column&rsquo;s angling:&nbsp;<strong>0-60&ordm;</strong></li>\r\n	<li><strong>Dimensions</strong></li>\r\n	<li>Travel length, max:&nbsp;<strong>685 mm</strong></li>\r\n	<li>Product size length:&nbsp;<strong>409 mm</strong></li>\r\n	<li>Product size width:&nbsp;<strong>266 mm</strong></li>\r\n	<li>Product size height:<strong>1045 mm</strong></li>\r\n	<li>Weight:&nbsp;<strong>16 kg</strong></li>\r\n</ul>\r\n', '<p><a href=\"https://www.aabtools.com/wp-content/uploads/Husqvarna_966827301_Manual_DS-250-Drill-stands.pdf\" target=\"_blank\">Husqvarna_966827301_Manual_DS 250 Drill stands</a></p>\r\n', 'Husqvarna_966827301_DS-250-Drill-stands-1.jpeg,Husqvarna_966827301_DS-250-Drill-stands-180x180.jpg,', '2022-03-22 10:57:08', 1),
(3, 'DS 250 CORE DRILL STANDS 250 MM', '966827301', 39, 48, 15, 2, '<ul>\r\n	<li>Straight and accurate drilling.</li>\r\n	<li>Optimum cranking speed.</li>\r\n	<li>Angle drilling.</li>\r\n</ul>\r\n', '<ul>\r\n	<li>Straight and accurate drilling.&nbsp;The carriage has guide rollers which helps drill straight holes.</li>\r\n	<li>Optimum cranking speed.&nbsp;Carriage with single and double gearing for efficient drilling.</li>\r\n	<li>Angle drilling.&nbsp;The unit can be set for drilling at different angles.</li>\r\n	<li>Vertical drilling.&nbsp;Drilling upwards and downwards.</li>\r\n</ul>\r\n', '<ul>\r\n	<li><strong>Drilling equipment</strong></li>\r\n	<li>Drill bit diameter, max:&nbsp;<strong>250 mm</strong></li>\r\n	<li>Drill bit length with recommended drill motor, max:&nbsp;<strong>584/700 mm</strong></li>\r\n	<li><strong>Specifications</strong></li>\r\n	<li>Column&rsquo;s angling:&nbsp;<strong>0-60&ordm;</strong></li>\r\n	<li><strong>Dimensions</strong></li>\r\n	<li>Travel length, max:&nbsp;<strong>685 mm</strong></li>\r\n	<li>Product size length:&nbsp;<strong>409 mm</strong></li>\r\n	<li>Product size width:&nbsp;<strong>266 mm</strong></li>\r\n	<li>Product size height:<strong>1045 mm</strong></li>\r\n	<li>Weight:&nbsp;<strong>16 kg</strong></li>\r\n</ul>\r\n', '<p><a href=\"https://www.aabtools.com/wp-content/uploads/Husqvarna_966827301_Manual_DS-250-Drill-stands.pdf\" target=\"_blank\">Husqvarna_966827301_Manual_DS 250 Drill stands</a></p>\r\n', 'Husqvarna_966827301_DS-250-Drill-stands-1.jpeg,Husqvarna_966827301_DS-250-Drill-stands-180x180.jpg,', '2022-03-22 10:57:27', 1),
(4, 'DM 430 CONCRETE CORING MACHINE, 450MM, 3.2KW', '970445607', 39, 48, 15, 2, '<ul>\r\n	<li>Sturdy and durable</li>\r\n	<li>Ergonomic</li>\r\n	<li>Optimized RPMs</li>\r\n	<li>Embedded Connectivity</li>\r\n	<li>Reliable gearbox</li>\r\n</ul>\r\n', '<ul>\r\n	<li>Equipped with an aluminum housing and the protective carrying handle ensures rough handling.</li>\r\n	<li>Equipped with a carrying handle for easy transport and handling.</li>\r\n	<li>Optimized RPMs. Enables high drilling performance.</li>\r\n	<li>An enhanced version of Husqvarna Fleet Services&trade;. Enables data analytics and insights into the health of the machine.</li>\r\n	<li>The LED indicator shows the load of the machine, allowing the operator to always drill at maximum pressure, for best performance.</li>\r\n	<li>To facilitate making a starter hole, speed is reduced by half using the Smart Start&reg; button.</li>\r\n	<li>The machine uses pulsation to warn you of an approaching overload. This increases productivity and extends product life.</li>\r\n	<li>3-speed gearbox for optimal drilling performance and longer service intervals.</li>\r\n</ul>\r\n', '<ul>\r\n	<li>Power Source: Electric</li>\r\n	<li>Power Voltage: 230V</li>\r\n	<li>Frequency: 50-60 Hz</li>\r\n	<li>Output Power: 3.2 kW</li>\r\n	<li>Drill bit Diameter: 100 mm</li>\r\n	<li>Drill bit Length: 450 mm</li>\r\n	<li>Max. Water Pressure: 3 Bar</li>\r\n	<li>Spindle Thread: 11 4/7&Prime; UNC</li>\r\n	<li>No. of Gearbox Speeds: 3</li>\r\n	<li>Sound Power Level: 110 dB(A)</li>\r\n	<li>Sound Pressure Level: 92 dB(A)</li>\r\n	<li>Weight: 15.5 kg</li>\r\n	<li>Water connector: G 1 / 4&Prime;</li>\r\n</ul>\r\n', '<p><a href=\"https://www.aabtools.com/wp-content/uploads/Husqvarna_DM-430_Drill-Motor_970445607_Manual.pdf\" target=\"_blank\">Husqvarna_DM 430_Drill Motor_970445607_Manual</a></p>\r\n', 'Untitled-1-180x180.jpg,', '2022-03-22 10:58:59', 1),
(5, 'DM 220 CONCRETE CORING MACHINE, 150 MM, 1.85KW', '966563501', 39, 48, 15, 3, '<ul>\r\n	<li>360&deg; adjustable front handle</li>\r\n	<li>Guidance for exact drilling</li>\r\n	<li>Overload protection</li>\r\n	<li>Durable and ergonomic design</li>\r\n</ul>\r\n', '<ul>\r\n	<li>360&deg; adjustable front handle for best ergonomic position</li>\r\n	<li>An electronic positioning system shows when the machine is in a vertical, horizontal or preferred angled position.</li>\r\n	<li>The machine uses pulsation to warn you of an approaching overload and motor will eventually shut off, to prevent overheating.</li>\r\n	<li>Durable and shock-proof, designed to protect the electronics. Easy to carry and install thanks to low weight and ergonomic design.</li>\r\n	<li>Easy to switch between dry and wet drilling</li>\r\n	<li>Shows when the machine is in a vertical, horizontal or preferred angled position. This provides efficient drilling.</li>\r\n	<li>Drilling holes in stepless adjustable angles.</li>\r\n</ul>\r\n\r\n<h3>RELATED PRODUCTS</h3>\r\n', '<ul>\r\n	<li>Power Source: Electric</li>\r\n	<li>Power Voltage: 230V</li>\r\n	<li>Frequency: 50 Hz</li>\r\n	<li>Output Power: 1.85 kW</li>\r\n	<li>Drill bit diameter with stand, max: 150 mm</li>\r\n	<li>Drill bit diameter handheld, max: 80 mm</li>\r\n	<li>Water pressure, max: 8 Bar</li>\r\n	<li>Spindle Thread, outer: 11 4/7&Prime; UNC</li>\r\n	<li>No. of Gearbox Speeds: 3</li>\r\n	<li>Sound power level, guaranteed (LWA): 108 dB(A)</li>\r\n	<li>Sound power level, measured: 107 dB(A)</li>\r\n	<li>Sound pressure level at operators ear: 93 dB(A)</li>\r\n	<li>Weight: 7 kg</li>\r\n	<li>Water connector: G 1 / 4&Prime;</li>\r\n	<li>Product size length: 560 mm</li>\r\n	<li>Product size width: 105 mm</li>\r\n	<li>Spindle thread, inner: G 1/2&Prime;</li>\r\n</ul>\r\n', '<p><a href=\"https://www.aabtools.com/wp-content/uploads/Husqvarana-966563501-DM220-Coring-Machine.pdf\" target=\"_blank\">Husqvarana-966563501-DM220-Coring Machine</a></p>\r\n', 'Husqvarana-966563501-DM220-Coring-Machine-180x180.png,', '2022-03-22 11:00:50', 1),
(6, 'CORE DRILL STAND, 500 MM, 90 TILT, DS 500', '967968601', 39, 48, 15, 2, '<ul>\r\n	<li>Durable and sturdy</li>\r\n	<li>Precision and performance</li>\r\n	<li>High stability and low weight</li>\r\n	<li>Easy to install and operate</li>\r\n</ul>\r\n', '<ul>\r\n	<li>The DS 500 is a medium-sized drill stand suitable for a wide range of professional core drilling operations.</li>\r\n	<li>It combines high stability, strength, and is surprisingly lightweight.</li>\r\n	<li>Quick connection features and low weight make handling easy and efficient.</li>\r\n	<li>The slim car with optimal transmission performs exceptionally well with the Husqvarna DM 280, DM 340 and similar high-performance single-phase drill motors.</li>\r\n	<li>Recommended equipment: DM 340, DM 400, DM 280 drilling motor</li>\r\n</ul>\r\n', '<ul>\r\n	<li>Drill Bit Diameter: 500 mm</li>\r\n	<li>Drill Bit Length: 680 mm</li>\r\n	<li>Max. Travel Length: 706 mm</li>\r\n	<li>Column Angle: 90&ordm;</li>\r\n	<li>Weight: 17.6 kg</li>\r\n	<li>Dimensions: 394 x 240 x 1050 mm</li>\r\n</ul>\r\n', '<p><a href=\"https://www.aabtools.com/wp-content/uploads/Husqvarna-DRILL-STAND-DS-500-967-96-86-01.pdf\" target=\"_blank\">Husqvarna DRILL STAND DS 500 &ndash; 967 96 86-01</a></p>\r\n', 'Husqvarna_966827301_DS-250-Drill-stands-180x180.jpg,', '2022-03-22 11:02:33', 1),
(7, '14-LITER, CONSTANT PRESSURE WATER TANK, 3-METER HOSE, WT2GO', '598742401', 39, 48, 15, 2, '<ul>\r\n	<li>A compact and easy-to-use 14-liter constant pressure water tank.</li>\r\n	<li>Ideal for concrete cutting, core drilling, and grinding concrete.</li>\r\n	<li>Provides constant water flow without the use of a pump, battery, or electronics.</li>\r\n</ul>\r\n', '<ul>\r\n	<li>A compact and easy-to-use 14-liter constant pressure water tank. Ideal for concrete cutting, core drilling, and grinding concrete.</li>\r\n	<li>Provides constant water flow without the use of a pump, battery, or electronics.</li>\r\n	<li>It is designed and engineered to simplify the process of supplying water in situations where regular hosing is difficult.</li>\r\n	<li>The WT2GO includes a multi-function nozzle, an on/off valve, 3 meters of reinforced hose, all mounted on a compact two-chamber frame design</li>\r\n	<li>Fits To &mdash; K 970, K 2500, DM 220, DM 230, DM 280, DMS 240, K 6500, K 770, K 535i, K 4000, K 4000 Cut-n-Break, DM 400, K 1270, K 7000, DM 430, DM 200, DM 540i, K 7000 SmartGuard, K 1270 SmartGuard</li>\r\n</ul>\r\n', '<ul>\r\n	<li>Min. Water Pressure: 0.5 bar</li>\r\n	<li>Max. Water Pressure: 0.7 bar</li>\r\n	<li>Pressure Output: 10 Psi</li>\r\n	<li>Hose Length: 3 meters</li>\r\n	<li>Weight: 6 kg</li>\r\n	<li>Dimensions: 144 x 325 x 800 mm</li>\r\n</ul>\r\n', '<p><a href=\"https://www.aabtools.com/wp-content/uploads/Husqvarna_WT2GO_Water-Tank_598742401_Manual.pdf\" target=\"_blank\">Husqvarna_WT2GO_Water Tank_598742401_Manual</a></p>\r\n', 'husqvarna-pressure-water-tank-14-liter-598742401-180x180.jpg,', '2022-03-22 11:03:59', 1),
(10, '350 MM, POWER CUTTER, 2-STROKE ENGINE, 3.7 KW, K 770', '967682101', 39, 48, 16, 2, '<ul>\r\n	<li>Easy and optimal belt tensioning.</li>\r\n	<li>Light and powerful.</li>\r\n	<li>Heavy-duty cutting arm.</li>\r\n	<li>Long service intervals.</li>\r\n</ul>\r\n', '<ul>\r\n	<li>The semi-automatic SmartTension minimizes the risk of under- and over tensioning</li>\r\n	<li>A light, compact and powerful machine with a superior power-to-weight ratio.</li>\r\n	<li>The new-designed cast magnesium crankcase has a three-bolt joint to attach the cutting head, enabling higher torsional rigidity than the previous two-bolt solution.</li>\r\n	<li>A strong Poly-V belt combined with our maintenance-free starter DuraStarter&trade; and efficient filter-system Active Air Filtration&trade; ensures long service intervals.</li>\r\n	<li>Provides a powerful spark with optimized timing, enabling easy start and efficient combustion.</li>\r\n</ul>\r\n', '<ul>\r\n	<li>Power Source: Gasoline</li>\r\n	<li>Tank Capacity: 1 Liter</li>\r\n	<li>No. of Engine Stroke: 2</li>\r\n	<li>Output Power: 3.7 kW</li>\r\n	<li>Cylinders: 1</li>\r\n	<li>Blade Diameter: 350 mm</li>\r\n	<li>Arbor Diameter: 25.4 mm</li>\r\n	<li>Max. Cutting Depth: 125 mm</li>\r\n	<li>Max. Blade Thickness: 5 mm</li>\r\n	<li>Max. Peripheral Speed: 90 m/s</li>\r\n	<li>Sound Power Level: 115 dB(A)</li>\r\n	<li>Sound Pressure Level: 101 dB(A)</li>\r\n	<li>Vibrations left/front Handle: 2.0 m/s&sup2;</li>\r\n	<li>Vibrations right/rear Handle: 2.3 m/s&sup2;</li>\r\n	<li>Weight: 10.1 kg</li>\r\n	<li>Dimensions: 605 x 225 x 415 mm</li>\r\n</ul>\r\n', '<p><a href=\"https://www.aabtools.com/wp-content/uploads/Husqvarna_967682101_Manual_K-770-Power-Cutters.pdf\" target=\"_blank\">Husqvarna_967682101_Manual_K 770 Power Cutters</a></p>\r\n', 'Husqvarna_967682101_-K-770-Power-Cutters.jpg,', '2022-03-22 11:41:09', 0),
(11, 'K 4000 POWER CUTTERS 350MM', '967079801', 39, 48, 16, 3, '<ul>\r\n	<li>Constant-flow water valve.</li>\r\n	<li>Ergonomically designed rear handle.</li>\r\n	<li>Increased productivity.</li>\r\n</ul>\r\n', '<ul>\r\n	<li>Constant-flow water valve.&nbsp;The integrated regulator controls the water volume, ensuring a constant flow to the blade. It also ensures the amount of water is sufficient to bind the dust without creating an excess of water.</li>\r\n	<li>Ergonomically designed rear handle.&nbsp;Power cord inlet located underneath the handle enables ease of use and comfortable handling with hassle free operation.</li>\r\n	<li>Increased productivity.&nbsp;The new pop-up carbon brushes protects the collector from unforeseen rotor changes which increases reliability and enables longer service intervals.</li>\r\n	<li>Easy serviceability.&nbsp;The one-piece inspection lid and Torx screws make it easy to assemble and service.</li>\r\n</ul>\r\n\r\n<h3>&nbsp;</h3>\r\n', '<ul>\r\n	<li>Engine</li>\r\n	<li>Max engine/motor RPM: 19350 rpm</li>\r\n	<li>Output shaft RPM, max: 3600 rpm</li>\r\n	<li>Voltage: 220-240 V</li>\r\n	<li>Rated current: 12 A</li>\r\n	<li>Engine cooling: Fan/Air</li>\r\n	<li>Equipment</li>\r\n	<li>Arbor diameter: 25,4 mm</li>\r\n	<li>Blade diameter, max: 350 mm</li>\r\n	<li>Cutting depth, max: 125 mm</li>\r\n	<li>Peripheral speed, max: 100 m/s</li>\r\n	<li>Sound and Noise</li>\r\n	<li>Sound pressure level at operators ear: 95 dB(A)</li>\r\n	<li>Sound power level, guaranteed (LWA): 105 dB(A)</li>\r\n</ul>\r\n', '', 'Husqvarna_967079801_K-4000-Power-Cutters.jpg', '2022-05-07 13:29:22', 1),
(12, '370 MM, POWER CUTTER, 2-STROKE ENGINE, 4.8 KW, K 970 RING', '967272301', 39, 48, 16, 4, '<ul>\r\n	<li>Deep cutting</li>\r\n	<li>Sturdy and reliable</li>\r\n	<li>High power with less fuel</li>\r\n	<li>Light and powerful</li>\r\n	<li>Anti-vibration system</li>\r\n</ul>\r\n', '<ul>\r\n	<li>Irregular deep cutting.</li>\r\n	<li>Less sensitive to outer conditions and fuel variations, thanks to the cylinder design and muffler with integrated heat deflector.</li>\r\n	<li>A strong Poly-V belt combined with our maintenance-free starter DuraStarter&trade; and efficient filter-system Active Air Filtration&trade; ensures long service intervals.</li>\r\n	<li>A light, compact and powerful machine with a superior power-to-weight ratio.</li>\r\n	<li>The unique design of the carburetor, cylinder, and digital ignition system, together with the air purge and decompression valve ensure an easy start.</li>\r\n</ul>\r\n', '<ul>\r\n	<li>Power Source: Gasoline</li>\r\n	<li>Tank Capacity: 1 Liter</li>\r\n	<li>No. of Engine Stroke: 2</li>\r\n	<li>Output Power: 4.8 kW</li>\r\n	<li>Cylinders: 1</li>\r\n	<li>Blade Diameter: 370 mm</li>\r\n	<li>Max. Cutting Depth: 270 mm</li>\r\n	<li>Max. Blade Thickness: 5.6 mm</li>\r\n	<li>Max. Peripheral Speed: 55 m/s</li>\r\n	<li>Sound Power Level: 115 dB(A)</li>\r\n	<li>Sound Pressure Level: 104 dB(A)</li>\r\n	<li>Vibrations left/front Handle: 2.7 m/s&sup2;</li>\r\n	<li>Vibrations right/rear Handle: 3.4 m/s&sup2;</li>\r\n	<li>Weight: 13.8 kg</li>\r\n	<li>Dimensions: 785 x 224 x 431 mm</li>\r\n</ul>\r\n', '<p><a href=\"https://www.aabtools.com/wp-content/uploads/Husqvarna_K-970-Ring_Power-Cutters_967272301_Manual.pdf\" target=\"_blank\">Husqvarna_K 970 Ring_Power Cutters_967272301_Manual</a></p>\r\n', 'Husqvarna_K-970-Ring_967272301_Power-Cutters.png', '2022-05-10 11:40:56', 1),
(13, '230 MM, POWER CUTTER, 2.7 KW, 220V, K 4000 CUT-N-BREAK', '967079701', 39, 48, 16, 4, '<ul>\r\n	<li>Cost-efficient cutting method</li>\r\n	<li>Exceptional cutting depth</li>\r\n	<li>Perfect for flush cutting</li>\r\n	<li>Ergonomically designed rear handle</li>\r\n</ul>\r\n', '<ul>\r\n	<li>With the unique cut-n-break method you can work your way through the material step-by-step at a low tool cost.</li>\r\n	<li>The long body and double cutting blades allow you to make cuts up to 400 mm deep.</li>\r\n	<li>The adjustable blade guard allows close cutting to walls and floors.</li>\r\n	<li>The power cord inlet located underneath the handle enables ease of use and comfortable handling with hassle-free operation.</li>\r\n	<li>The new pop-up carbon brushes protect the collector from unforeseen rotor changes which increases reliability and enables longer service intervals.</li>\r\n</ul>\r\n', '<ul>\r\n	<li>Power Source: Electric</li>\r\n	<li>Rated Input Power: 2.7 kW</li>\r\n	<li>Voltage: 220-230 V</li>\r\n	<li>Frequency: 50-60 Hz</li>\r\n	<li>Blade Diameter: 230 mm</li>\r\n	<li>Max. Cutting Depth: 400 mm</li>\r\n	<li>Max. Blade Thickness: 2.5 mm</li>\r\n	<li>Max. Peripheral Speed: 60 m/s</li>\r\n	<li>Sound Power Level: 109 dB(A)</li>\r\n	<li>Sound Pressure Level: 95 dB(A)</li>\r\n	<li>Vibrations left/front Handle: 3.2 m/s&sup2;</li>\r\n	<li>Vibrations right/rear Handle: 3.4 m/s&sup2;</li>\r\n	<li>Weight: 8.4 kg</li>\r\n	<li>Dimensions: 867 x 226 x 325 mm</li>\r\n</ul>\r\n', '<p><a href=\"https://www.aabtools.com/wp-content/uploads/Husqvarna_K-4000-CutnBreak_Power-Cutters_967079701_Manual.pdf\" target=\"_blank\">Husqvarna_K 4000 CutnBreak_Power Cutters_967079701_Manual</a></p>\r\n', 'Husqvarna_K-4000-CutnBreak_967079701_Power-Cutters.png,', '2022-03-22 11:47:54', 1),
(14, '350 MM, POWER CUTTER, 2-STROKE ENGINE, 4.8 KW, K 970', '967348001', 39, 48, 16, 3, '<ul>\r\n	<li>Easy and optimal belt tensioning</li>\r\n	<li>Sturdy and reliable</li>\r\n	<li>Long service intervals</li>\r\n	<li>Less slurry and low water consumption</li>\r\n	<li>High power with less fuel</li>\r\n</ul>\r\n', '<ul>\r\n	<li>The semi-automatic SmartTension minimizes the risk of under- and over-tensioning.</li>\r\n	<li>Less sensitive to outer conditions and fuel variations, thanks to the cylinder design and muffler with integrated heat deflector.</li>\r\n	<li>The unique design of the carburetor, cylinder, and digital ignition system, together with the air purge and decompression valve ensure an easy start.</li>\r\n	<li>A strong Poly-V belt combined with our maintenance-free starter DuraStarter&trade; and efficient filter-system Active Air Filtration&trade; ensures long service intervals.</li>\r\n	<li>Excellent dust control with our wet cutting kit. A progressive water valve for exact adjustment of the water volume to efficiently bind the dust and reduce slurry.</li>\r\n</ul>\r\n', '<ul>\r\n	<li>Power Source: Gasoline</li>\r\n	<li>Tank Capacity: 1 Liter</li>\r\n	<li>No. of Engine Stroke: 2</li>\r\n	<li>Output Power: 4.8 kW</li>\r\n	<li>Cylinders: 1</li>\r\n	<li>Blade Diameter: 400 mm</li>\r\n	<li>Arbor Diameter: 25.4 mm</li>\r\n	<li>Max. Cutting Depth: 155 mm</li>\r\n	<li>Max. Blade Thickness: 5 mm</li>\r\n	<li>Max. Peripheral Speed: 90 m/s</li>\r\n	<li>Sound Power Level: 115 dB(A)</li>\r\n	<li>Sound Pressure Level: 104 dB(A)</li>\r\n	<li>Vibrations left/front Handle: 3.5 m/s&sup2;</li>\r\n	<li>Vibrations right/rear Handle: 4 m/s&sup2;</li>\r\n	<li>Weight: 11.6 kg</li>\r\n	<li>Dimensions: 688 x 214 x 481 mm</li>\r\n</ul>\r\n', '<p><a href=\"https://www.aabtools.com/wp-content/uploads/Husqvarna_K-970_Power-Cutters_967348001_Manual-1.pdf\" target=\"_blank\">Husqvarna_K 970 Rescue_Power Cutters_967635601_Manual</a></p>\r\n', 'Husqvarna_K-970_967348001_Power-Cutters.png', '2022-05-10 11:32:02', 1),
(15, '400 MM, POWER CUTTER, 2-STROKE ENGINE, 4.8 KW, K 970', '967348101', 39, 48, 16, 2, '<ul>\r\n	<li>Easy and optimal belt tensioning</li>\r\n	<li>Sturdy and reliable</li>\r\n	<li>Long service intervals</li>\r\n	<li>Less slurry and low water consumption</li>\r\n	<li>High power with less fuel</li>\r\n</ul>\r\n', '<ul>\r\n	<li>The semi-automatic SmartTension minimizes the risk of under- and over-tensioning.</li>\r\n	<li>Less sensitive to outer conditions and fuel variations, thanks to the cylinder design and muffler with integrated heat deflector.</li>\r\n	<li>The unique design of the carburetor, cylinder, and digital ignition system, together with the air purge and decompression valve ensure an easy start.</li>\r\n	<li>A strong Poly-V belt combined with our maintenance-free starter DuraStarter&trade; and efficient filter-system Active Air Filtration&trade; ensures long service intervals.</li>\r\n	<li>Excellent dust control with our wet cutting kit. A progressive water valve for exact adjustment of the water volume to efficiently bind the dust and reduce slurry.</li>\r\n</ul>\r\n', '<ul>\r\n	<li>Power Source: Gasoline</li>\r\n	<li>Tank Capacity: 1 Liter</li>\r\n	<li>No. of Engine Stroke: 2</li>\r\n	<li>Output Power: 4.8 kW</li>\r\n	<li>Cylinders: 1</li>\r\n	<li>Blade Diameter: 400 mm</li>\r\n	<li>Arbor Diameter: 25.4 mm</li>\r\n	<li>Max. Cutting Depth: 155 mm</li>\r\n	<li>Max. Blade Thickness: 5 mm</li>\r\n	<li>Max. Peripheral Speed: 90 m/s</li>\r\n	<li>Sound Power Level: 115 dB(A)</li>\r\n	<li>Sound Pressure Level: 104 dB(A)</li>\r\n	<li>Vibrations left/front Handle: 3.5 m/s&sup2;</li>\r\n	<li>Vibrations right/rear Handle: 4 m/s&sup2;</li>\r\n	<li>Weight: 11.6 kg</li>\r\n	<li>Dimensions: 688 x 214 x 481 mm</li>\r\n</ul>\r\n', '<p><a href=\"https://www.aabtools.com/wp-content/uploads/Husqvarna_K-970_Power-Cutters_967348001_Manual-1.pdf\" target=\"_blank\">Husqvarna_K 970 Rescue_Power Cutters_967635601_Manual</a></p>\r\n', 'Husqvarna_967682101_-K-770-Power-Cutters.jpg,', '2022-03-22 11:53:53', 1),
(16, '350 MM, POWER CUTTER, 2-STROKE ENGINE, 4.8 KW, K 970 RESCUE', '967635601', 39, 48, 16, 3, '<ul>\r\n	<li>Easy and optimal belt tensioning</li>\r\n	<li>Magnesium blade guard</li>\r\n	<li>Adjustable carry strap</li>\r\n	<li>Specially designed starter handle</li>\r\n</ul>\r\n', '<ul>\r\n	<li>The semi-automatic SmartTension minimizes the risk of under- and over-tensioning.</li>\r\n	<li>It has a magnesium blade guard with decreased weight and reflective decals for high visibility in smoke and water spray, which enhances control of the cutter.</li>\r\n	<li>Enhanced carrying strap and larger carabines for heavy-duty jobs. Allows you to run, walk and climb smoothly with the machine in urgent situations.</li>\r\n	<li>Specially designed starter handle, with room for heavy gloves.</li>\r\n	<li>Sturdy and reliable, it is less sensitive to outer conditions and fuel variations, thanks to the cylinder design and muffler with an integrated heat deflector.</li>\r\n</ul>\r\n', '<ul>\r\n	<li>Power Source: Gasoline</li>\r\n	<li>Tank Capacity: 1 Liter</li>\r\n	<li>No. of Engine Stroke: 2</li>\r\n	<li>Output Power: 4.8 kW</li>\r\n	<li>Cylinders: 1</li>\r\n	<li>Blade Diameter: 350 mm</li>\r\n	<li>Arbor Diameter: 25.4 mm</li>\r\n	<li>Max. Cutting Depth: 125 mm</li>\r\n	<li>Max. Blade Thickness: 5 mm</li>\r\n	<li>Max. Peripheral Speed: 90 m/s</li>\r\n	<li>Sound Power Level: 115 dB(A)</li>\r\n	<li>Sound Pressure Level: 104 dB(A)</li>\r\n	<li>Vibrations left/front Handle: 3.8 m/s&sup2;</li>\r\n	<li>Vibrations right/rear Handle: 4.2 m/s&sup2;</li>\r\n	<li>Weight: 11 kg</li>\r\n	<li>Dimensions: 965 x 214 x 444 mm</li>\r\n</ul>\r\n', '<p><a href=\"https://www.aabtools.com/wp-content/uploads/Husqvarna_K-970_Power-Cutters_967348001_Manual-1.pdf\" target=\"_blank\">Husqvarna_K 970 Rescue_Power Cutters_967635601_Manual</a></p>\r\n', 'Husqvarna_K-970-Rescue_967635601_Power-Cutters.png,', '2022-03-22 11:55:15', 1),
(17, '500 MM, FLOOR SAW, 4-STROKE ENGINE, 6.8 KW, FS 410 D', '965150116', 39, 48, 17, 3, '<ul>\r\n	<li>Low vibrations</li>\r\n	<li>Low maintenance</li>\r\n	<li>Easy to adjust the blade</li>\r\n	<li>Easy to transport</li>\r\n	<li>Adjustable handles</li>\r\n</ul>\r\n', '<ul>\r\n	<li>Our highly versatile FS 410 D is a compact diesel push floor saw developed with a clear focus on your comfort.</li>\r\n	<li>Ideal for small to mid-sized service and repair jobs in asphalt and concrete. Cuts up to 189 mm deep.</li>\r\n	<li>Engine and blade shaft mounting system increases comfort and gives an excellent cutting performance.</li>\r\n	<li>The IntelliSeal blade shaft system allows for a minimum of 250 maintenance-free hours without daily greasing of bearings.</li>\r\n	<li>Spring-assisted screw feed facilitates blade adjustment in and out of the cut.</li>\r\n	<li>Easy to transport, compact saw that is easy to lift.</li>\r\n	<li>Adjustable handles provide a closer and more comfortable position to the cutting side for easier alignment and straighter cuts. The handle can also be folded for transport</li>\r\n</ul>\r\n', '<ul>\r\n	<li>Power Source: Gasoline</li>\r\n	<li>Tank Capacity: 5.4 Liter</li>\r\n	<li>No. of Engine Stroke: 4</li>\r\n	<li>Output Power: 6.8 kW</li>\r\n	<li>Cylinders: 1 Engine</li>\r\n	<li>Cooling: Air</li>\r\n	<li>Blade Diameter: 500 mm</li>\r\n	<li>Max. Cutting Depth: 189 mm</li>\r\n	<li>Arbor Diameter: 25.4 mm</li>\r\n	<li>Sound Power Level: 108 dB(A)</li>\r\n	<li>Sound Pressure Level: 91 dB(A)</li>\r\n	<li>Vibrations left/front Handle: 4.2 m/s&sup2;</li>\r\n	<li>Vibrations right/rear Handle: 4.4 m/s&sup2;</li>\r\n	<li>Weight: 165 kg</li>\r\n	<li>Dimensions: 1557 x 638 x 1084 mm</li>\r\n</ul>\r\n', '<p><a href=\"https://www.aabtools.com/wp-content/uploads/Husqvarna_FS-410-D_Floor-Saw_965150116_Manual.pdf\" target=\"_blank\">Husqvarna_FS 410 D_Floor Saw_965150116_Manual</a></p>\r\n', 'Husqvarna_FS-410-D_965150116-180x180.png,', '2022-03-22 12:02:51', 1),
(18, '600 MM, FLOOR SAW, 4-STROKE ENGINE, 15.5 KW, FS 524', '967046102', 39, 48, 17, 2, '<ul>\r\n	<li>Self-contained drive system</li>\r\n	<li>Optimal power transmission to the blade</li>\r\n	<li>Low maintenance</li>\r\n	<li>Easy to adjust the blade</li>\r\n</ul>\r\n', '<ul>\r\n	<li>Our convenient FS 524 is a powerful, yet compact, self-propelled petrol floor saw ideal for asphalt and concrete cutting.</li>\r\n	<li>Suitable for small to medium-sized service and repair jobs, up to 241 mm cutting depth.</li>\r\n	<li>The optimal power transmission makes it ideal for more demanding jobs, despite its compact size. User-friendly and developed with a clear focus on your comfort.</li>\r\n	<li>Self-propelled for easy operation and comfort.</li>\r\n	<li>Low vibrations engine and blade shaft mounting system increases comfort and gives an excellent cutting performance.</li>\r\n	<li>Self-contained differential drive system eliminating drive gear from rear wheels and related wear. It is simple to handle and maintain.</li>\r\n	<li>Enhanced belt tensioning system gives constant tension without the need for re-tensioning, ensuring optimal performance and increased belt life.</li>\r\n	<li>The IntelliSeal blade shaft system allows for a minimum of 250 maintenance-free hours without daily greasing of bearings.</li>\r\n</ul>\r\n', '<ul>\r\n	<li>Power Source: Gasoline</li>\r\n	<li>Tank Capacity: 8.3 Liter</li>\r\n	<li>No. of Engine Stroke: 4</li>\r\n	<li>Output Power: 15.5 kW</li>\r\n	<li>Cylinders: 2</li>\r\n	<li>Engine Cooling: Air</li>\r\n	<li>Blade Diameter: 600 mm</li>\r\n	<li>Max. Cutting Depth: 241 mm</li>\r\n	<li>Arbor Diameter: 25.4 mm</li>\r\n	<li>Sound Power Level: 109 dB(A)</li>\r\n	<li>Sound Pressure Level: 88 dB(A)</li>\r\n	<li>Vibrations left/front Handle: 1.8 m/s&sup2;</li>\r\n	<li>Vibrations right/rear Handle: 2.4 m/s&sup2;</li>\r\n	<li>Weight: 239 kg</li>\r\n	<li>Dimensions: 1750 x 646 x 1200 mm</li>\r\n</ul>\r\n', '<p><a href=\"https://www.aabtools.com/wp-content/uploads/Husqvarna_FS-524_Floor-Saw_967046102_Manual.pdf\" target=\"_blank\">Husqvarna_FS 524_Floor Saw_967046102_Manual</a></p>\r\n', 'Husqvarna_FS-413_965150102_Floor-Saw.png,', '2022-03-22 12:03:57', 1),
(19, '500 MM, FLOOR SAW, 4-STROKE ENGINE, 8.7 KW, FS 413', '965150102', 39, 48, 17, 3, '<ul>\r\n	<li>Low maintenance</li>\r\n	<li>Easy to adjust the blade</li>\r\n	<li>Easy to transport</li>\r\n	<li>Clear depth indicator</li>\r\n</ul>\r\n', '<ul>\r\n	<li>Our highly versatile FS 413 is a compact petrol push floor saw developed with a clear focus on your comfort.</li>\r\n	<li>Ideal for small to mid-sized service and repair jobs in asphalt and concrete. Cuts up to 189 mm deep. Shown with optional water tank.</li>\r\n	<li>Low vibrations engine and blade shaft mounting system increases comfort and gives an excellent cutting performance.</li>\r\n	<li>The IntelliSeal blade shaft system allows for a minimum of 250 maintenance-free hours without daily greasing of bearings.</li>\r\n	<li>Easy to adjust the blade. Spring-assisted screw feed facilitates blade adjustment in and out of the cut.</li>\r\n	<li>Easy to transport. Compact saw that is easy to lift.</li>\r\n	<li>Provides a closer and more comfortable position to the cutting side for easier alignment and straighter cuts. The handle can also be folded for transport.</li>\r\n</ul>\r\n', '<ul>\r\n	<li>Power Source: Gasoline</li>\r\n	<li>Tank Capacity: 6.1 Liter</li>\r\n	<li>No. of Engine Stroke: 4</li>\r\n	<li>Output Power: 8.7 kW</li>\r\n	<li>Cylinders: 1</li>\r\n	<li>Engine Cooling: Air</li>\r\n	<li>Blade Diameter: 500 mm</li>\r\n	<li>Max. Cutting Depth: 189 mm</li>\r\n	<li>Arbor Diameter: 25.4 mm</li>\r\n	<li>Sound Power Level: 108 dB(A)</li>\r\n	<li>Sound Pressure Level: 88 dB(A)</li>\r\n	<li>Vibrations left/front Handle: 1.9 m/s&sup2;</li>\r\n	<li>Vibrations right/rear Handle: 2.4 m/s&sup2;</li>\r\n	<li>Weight: 139 kg</li>\r\n	<li>Dimensions: 1550 x 638 x 1200 mm</li>\r\n</ul>\r\n', '<p><a href=\"https://www.aabtools.com/wp-content/uploads/Husqvarna_FS-413_Floor-Saw_965150102_Manual.pdf\" target=\"_blank\">Husqvarna_FS 413_Floor Saw_965150102_Manual</a></p>\r\n', 'Husqvarna_FS-413_965150102_Floor-Saw.png,', '2022-03-22 12:05:06', 1),
(20, ' 450 MM, FLOOR SAW, 4-STROKE ENGINE, 8.7 KW, FS 400 LV', '965148201', 39, 48, 17, 3, '<ul>\r\n	<li>Easy to operate</li>\r\n	<li>Large integrated water tank</li>\r\n	<li>Low vibrations</li>\r\n	<li>Clear depth indicator</li>\r\n</ul>\r\n', '<ul>\r\n	<li>Our robust FS 400 LV is a convenient all-around petrol push floor saw. The adjustable handle ensures an ergonomic working position.</li>\r\n	<li>Perfect weight distribution gives excellent stability while sawing. Ideal for small road repair jobs in concrete or asphalt, up to 189 mm cutting depth.</li>\r\n	<li>Easy to operate, productive and robust with excellent weight distribution and stability.</li>\r\n	<li>Provides a closer and more comfortable position to the cutting side for easier alignment and straighter cuts. The handle can also be folded for transport.</li>\r\n	<li>Easy to transport, compact saw that is easy to lift.</li>\r\n	<li>Large integrated water tank. Quick connection for water hose to the blade guard. No tools are required for disassembly.</li>\r\n	<li>Low vibrations. Engine and blade shaft mounting system increases comfort and gives an excellent cutting performance.</li>\r\n</ul>\r\n', '<ul>\r\n	<li>Power Source: Gasoline</li>\r\n	<li>Tank Capacity: 6.1 Liter</li>\r\n	<li>No. of Engine Stroke: 4</li>\r\n	<li>Output Power: 8.7 kW</li>\r\n	<li>Cylinders: 1</li>\r\n	<li>Engine Cooling: Air</li>\r\n	<li>Blade Diameter: 450 mm</li>\r\n	<li>Max. Cutting Depth: 187 mm</li>\r\n	<li>Arbor Diameter: 25.4 mm</li>\r\n	<li>Sound Power Level: 109 dB(A)</li>\r\n	<li>Sound Pressure Level: 90 dB(A)</li>\r\n	<li>Vibrations left/front Handle: 3.2 m/s&sup2;</li>\r\n	<li>Vibrations right/rear Handle: 2.5 m/s&sup2;</li>\r\n	<li>Weight: 99 kg</li>\r\n	<li>Dimensions: 1150 x 615 x 940 mm</li>\r\n</ul>\r\n', '<p><a href=\"https://www.aabtools.com/wp-content/uploads/Husqvarna_FS-400-LV_Floor-Saw_965148201_Manual.pdf\" target=\"_blank\">Husqvarna_FS 400 LV_Floor Saw_965148201_Manual</a></p>\r\n', 'Husqvarna_FS-400-LV_965148201_Floor-Saw.png,', '2022-03-22 12:06:12', 1),
(21, '230V, 400 MM MASONRY SAW, 2.2 KW, TS 400 F', '965148101', 39, 48, 18, 2, '<ul>\r\n	<li>Versatile.&nbsp;Can plunge and bevel cut at 45&deg; or 90&deg; for maximum versatility.</li>\r\n	<li>Efficient slurry sedimentation.&nbsp;The collection tray enables efficient slurry handling for long pump life.</li>\r\n	<li>Sturdy and reliable motor.&nbsp;Provides long product life.</li>\r\n</ul>\r\n', '<ul>\r\n	<li>Easy set-up. One person can set up the machine, thanks to the semi-automatic folding legs</li>\r\n	<li>Versatile. Can plunge and bevel cut at 45&deg; or 90&deg; for maximum versatility.</li>\r\n	<li>Efficient slurry sedimentation. The collection tray enables efficient slurry handling for long pump life.</li>\r\n	<li>Sturdy and reliable motor. Provides long product life.</li>\r\n	<li>Heavy duty water pump. The high-quality water pump greatly extends product life.</li>\r\n	<li>Wide-span of cutting depths. The precise height adjustment of the cutter head allows deep step cutting.</li>\r\n	<li>Easy replacement of water pump. Thanks to the electrical quick connection.</li>\r\n	<li>Protected guide rails. The solid frame protects the guide rails from external impact.</li>\r\n</ul>\r\n', '<ul>\r\n	<li>Power Source: Electric</li>\r\n	<li>Voltage: 220-230 V</li>\r\n	<li>Frequency: 50-60 Hz</li>\r\n	<li>Rated Input Power: 2.2 kW</li>\r\n	<li>Diameter: 400 mm</li>\r\n	<li>Max. Cutting Depth: 230 mm</li>\r\n	<li>Max. Cutting Length: 700 mm</li>\r\n	<li>Weight: 96 kg</li>\r\n	<li>Dimensions: 600 x 600 x 1120 mm</li>\r\n</ul>\r\n', '<p><a href=\"https://www.aabtools.com/wp-content/uploads/Husqvarna_965148101_Manual_TS-400-F-Masonry-saws.pdf\" target=\"_blank\">Husqvarna_965148101_Manual_TS 400 F Masonry saws</a></p>\r\n', 'Husqvarna_965148101_TS-400-F-Masonry-saws.jpg,Husqvarna_965148101_TS-400-F-Masonry-saws-1.jpeg,', '2022-03-22 12:09:50', 1),
(24, 'SEGMENTED DIAMOND BLADE RING, 370 MM, VARI-RING R20', '574836301', 39, 48, 19, 19, '<ul>\r\n	<li>Ideal for concrete and hard materials</li>\r\n	<li>The original Ring blade</li>\r\n	<li>Drive disc included</li>\r\n	<li>Self sharpen when applying new blade</li>\r\n</ul>\r\n', '<ul>\r\n	<li>Developed for fast cutting in universal construction materials, with a focus on hard materials like granite and hard concrete.</li>\r\n	<li>Husqvarna-developed ring blade and drive disc.</li>\r\n	<li>A drive disc is included with every Ring blade.</li>\r\n	<li>The segment edge design enables a good cutting speed when applying a new blade, regardless of rotation.</li>\r\n	<li>Fits To &mdash; K 3600 Ring, K 970 Ring, K 6500 Ring, K 7000 Ring</li>\r\n</ul>\r\n', '<ul>\r\n	<li>Diameter: 370 mm</li>\r\n	<li>Blade Configuration: Segmented</li>\r\n	<li>Segment Height: 9 mm</li>\r\n	<li>Segment Length: 33 mm</li>\r\n	<li>Segment Width: 4.2 mm</li>\r\n	<li>Number of Segments: 22</li>\r\n	<li>Coolant: Wet</li>\r\n	<li>Power Range, max: 5 kW</li>\r\n	<li>Power Range, min: 3.5 kW</li>\r\n</ul>\r\n', '', 'VARI-RING-R20.png,', '2022-03-22 13:30:26', 1),
(25, 'WET/DRY DIAMOND CORE DRILL BIT, 25 MM X 11/4 INCH, VARI-DRILL D20', '582003901', 39, 48, 19, 19, '<ul>\r\n	<li>Heavy-duty applications</li>\r\n	<li>Ideal for concrete and hard materials</li>\r\n	<li>Laser welded</li>\r\n	<li>Several smart accessories available</li>\r\n</ul>\r\n', '<ul>\r\n	<li>For heavy-duty applications like water evacuation, ventilation and plumbing channels, waste evacuation pipes, gas supply pipes, and barriers.</li>\r\n	<li>Developed for fast cutting in universal construction materials, with a focus on hard materials like granite and hard concrete.</li>\r\n	<li>Segments are attached to the tube by laser welding to minimize the risk of segment loss.</li>\r\n	<li>With accessories such as adapters, centering devices, and extenders the drill job can be made easier.</li>\r\n	<li>Fits To &mdash; DM 220, DM 230, DM 650, DM 280, DMS 240, DM 406 H, DM 400, DM 200, DM 700, DM 430</li>\r\n</ul>\r\n', '<ul>\r\n	<li>Diameter: 25 mm</li>\r\n	<li>Segment Length: 25 mm</li>\r\n	<li>Segment Width: 3.2 mm</li>\r\n	<li>Segment Height: 9.5 mm</li>\r\n	<li>Core Length: 450 mm</li>\r\n	<li>Coolant: Wet/dry</li>\r\n	<li>Drill Connection: 11/4 inch</li>\r\n	<li>Power Range, max: 4 kW</li>\r\n	<li>Power Range, min: 1.5 kW</li>\r\n</ul>\r\n', '', 'VARI-DRILL-D20.png,', '2022-03-22 13:31:56', 1),
(26, 'WET/DRY DIAMOND CORE DRILL BIT, 52 MM X 11/4 INCH, VARI-DRILL D20', '582005101', 39, 48, 19, 19, '<ul>\r\n	<li>Heavy-duty applications</li>\r\n	<li>Ideal for concrete and hard materials</li>\r\n	<li>Laser welded</li>\r\n	<li>Several smart accessories available</li>\r\n</ul>\r\n', '<ul>\r\n	<li>For heavy-duty applications like water evacuation, ventilation and plumbing channels, waste evacuation pipes, gas supply pipes, and barriers.</li>\r\n	<li>Developed for fast cutting in universal construction materials, with a focus on hard materials like granite and hard concrete.</li>\r\n	<li>Segments are attached to the tube by laser welding to minimize the risk of segment loss.</li>\r\n	<li>With accessories such as adapters, centering devices, and extenders the drill job can be made easier.</li>\r\n	<li>Fits To &mdash; DM 220, DM 230, DM 650, DM 280, DMS 240, DM 406 H, DM 400, DM 200, DM 700, DM 430</li>\r\n</ul>\r\n', '<ul>\r\n	<li>Diameter: 52 mm</li>\r\n	<li>Segment Length: 24 mm</li>\r\n	<li>Segment Width: 3.5 mm</li>\r\n	<li>Segment Height: 11 mm</li>\r\n	<li>Number of Segments: 5</li>\r\n	<li>Core Length: 450 mm</li>\r\n	<li>Coolant: Wet/dry</li>\r\n	<li>Drill Connection: 11/4 inch</li>\r\n	<li>Power Range, max: 4 kW</li>\r\n	<li>Power Range, min: 1.5 kW</li>\r\n</ul>\r\n', '', 'VARI-DRILL-D20.png,', '2022-03-22 13:33:00', 1),
(27, 'WET/DRY DIAMOND CORE DRILL BIT, 72 MM X 11/4 INCH, VARI-DRILL D20', '582005401', 39, 48, 19, 19, '<ul>\r\n	<li>Heavy-duty applications</li>\r\n	<li>Ideal for concrete and hard materials</li>\r\n	<li>Laser welded</li>\r\n	<li>Several smart accessories available</li>\r\n</ul>\r\n', '<ul>\r\n	<li>For heavy-duty applications like water evacuation, ventilation and plumbing channels, waste evacuation pipes, gas supply pipes, and barriers.</li>\r\n	<li>Developed for fast cutting in universal construction materials, with a focus on hard materials like granite and hard concrete.</li>\r\n	<li>Segments are attached to the tube by laser welding to minimize the risk of segment loss.</li>\r\n	<li>With accessories such as adapters, centering devices, and extenders the drill job can be made easier.</li>\r\n	<li>Fits To &mdash; DM 220, DM 230, DM 650, DM 280, DMS 240, DM 406 H, DM 400, DM 200, DM 700, DM 430</li>\r\n</ul>\r\n', '<ul>\r\n	<li>Diameter: 72 mm</li>\r\n	<li>Segment Length: 24 mm</li>\r\n	<li>Segment Width: 3.5 mm</li>\r\n	<li>Segment Height: 11 mm</li>\r\n	<li>Number of Segments: 6</li>\r\n	<li>Core Length: 450 mm</li>\r\n	<li>Coolant: Wet/dry</li>\r\n	<li>Drill Connection: 11/4 inch</li>\r\n	<li>Power Range, max: 4 kW</li>\r\n	<li>Power Range, min: 1.5 kW</li>\r\n</ul>\r\n', '', 'VARI-DRILL-D20.png,', '2022-03-22 14:38:28', 1),
(28, 'WET/DRY DIAMOND CORE DRILL BIT, 102 MM X 11/4 INCH, VARI-DRILL D20', '582005701', 39, 48, 19, 19, '<ul>\r\n	<li>Heavy-duty applications</li>\r\n	<li>Ideal for concrete and hard materials</li>\r\n	<li>Laser welded</li>\r\n	<li>Several smart accessories available</li>\r\n</ul>\r\n', '<ul>\r\n	<li>For heavy-duty applications like water evacuation, ventilation and plumbing channels, waste evacuation pipes, gas supply pipes, and barriers.</li>\r\n	<li>Developed for fast cutting in universal construction materials, with a focus on hard materials like granite and hard concrete.</li>\r\n	<li>Segments are attached to the tube by laser welding to minimize the risk of segment loss.</li>\r\n	<li>With accessories such as adapters, centering devices, and extenders the drill job can be made easier.</li>\r\n	<li>Fits To &mdash; DM 220, DM 230, DM 650, DM 280, DMS 240, DM 406 H, DM 400, DM 200, DM 700, DM 430</li>\r\n</ul>\r\n', '<ul>\r\n	<li>Diameter: 102 mm</li>\r\n	<li>Segment Length: 24 mm</li>\r\n	<li>Segment Width: 3.5 mm</li>\r\n	<li>Segment Height: 11 mm</li>\r\n	<li>Number of Segments: 8</li>\r\n	<li>Core Length: 450 mm</li>\r\n	<li>Coolant: Wet/dry</li>\r\n	<li>Drill Connection: 11/4 inch</li>\r\n	<li>Power Range, max: 4 kW</li>\r\n	<li>Power Range, min: 1.5 kW</li>\r\n</ul>\r\n', '', 'VARI-DRILL-D20.png,', '2022-03-22 14:40:28', 1),
(29, 'WET/DRY DIAMOND CORE DRILL BIT, 152 MM X 11/4 INCH, VARI-DRILL D20', '582006201', 39, 48, 19, 19, '<ul>\r\n	<li>Heavy-duty applications</li>\r\n	<li>Ideal for concrete and hard materials</li>\r\n	<li>Laser welded</li>\r\n	<li>Several smart accessories available</li>\r\n</ul>\r\n', '<ul>\r\n	<li>For heavy-duty applications like water evacuation, ventilation and plumbing channels, waste evacuation pipes, gas supply pipes, and barriers.</li>\r\n	<li>Developed for fast cutting in universal construction materials, with a focus on hard materials like granite and hard concrete.</li>\r\n	<li>Segments are attached to the tube by laser welding to minimize the risk of segment loss.</li>\r\n	<li>With accessories such as adapters, centering devices, and extenders the drill job can be made easier.</li>\r\n	<li>Fits To &mdash; DM 220, DM 230, DM 650, DM 280, DMS 240, DM 406 H, DM 400, DM 200, DM 700, DM 430</li>\r\n</ul>\r\n', '<ul>\r\n	<li>Diameter: 152 mm</li>\r\n	<li>Segment Length: 24 mm</li>\r\n	<li>Segment Width: 3.7 mm</li>\r\n	<li>Segment Height: 11 mm</li>\r\n	<li>Number of Segments: 12</li>\r\n	<li>Core Length: 450 mm</li>\r\n	<li>Coolant: Wet/dry</li>\r\n	<li>Drill Connection: 11/4 inch</li>\r\n	<li>Power Range, max: 4 kW</li>\r\n	<li>Power Range, min: 1.5 kW</li>\r\n</ul>\r\n', '', 'VARI-DRILL-D20.png,', '2022-03-22 14:41:47', 1),
(30, 'WET/DRY DIAMOND CORE DRILL BIT, 200 MM X 11/4 INCH, VARI-DRILL D20', '582006601', 39, 48, 19, 19, '<ul>\r\n	<li>Heavy-duty applications</li>\r\n	<li>Ideal for concrete and hard materials</li>\r\n	<li>Laser welded</li>\r\n	<li>Several smart accessories available</li>\r\n</ul>\r\n', '<ul>\r\n	<li>For heavy-duty applications like water evacuation, ventilation and plumbing channels, waste evacuation pipes, gas supply pipes, and barriers.</li>\r\n	<li>Developed for fast cutting in universal construction materials, with a focus on hard materials like granite and hard concrete.</li>\r\n	<li>Segments are attached to the tube by laser welding to minimize the risk of segment loss.</li>\r\n	<li>With accessories such as adapters, centering devices, and extenders the drill job can be made easier.</li>\r\n	<li>Fits To &mdash; DM 220, DM 230, DM 650, DM 280, DMS 240, DM 406 H, DM 400, DM 200, DM 700, DM 430</li>\r\n</ul>\r\n', '<ul>\r\n	<li>Diameter: 200 mm</li>\r\n	<li>Segment Length: 24 mm</li>\r\n	<li>Segment Width: 4 mm</li>\r\n	<li>Segment Height: 11 mm</li>\r\n	<li>Number of Segments: 14</li>\r\n	<li>Core Length: 450 mm</li>\r\n	<li>Coolant: Wet/dry</li>\r\n	<li>Drill Connection: 11/4 inch</li>\r\n	<li>Power Range, max: 4 kW</li>\r\n	<li>Power Range, min: 1.5 kW</li>\r\n</ul>\r\n', '', 'VARI-DRILL-D20.png,', '2022-03-22 14:43:51', 1),
(31, 'WET/DRY DIAMOND CORE DRILL BIT, 250 MM X 11/4 INCH, VARI-DRILL D20', '582006801', 39, 48, 19, 19, '<ul>\r\n	<li>Heavy-duty applications</li>\r\n	<li>Ideal for concrete and hard materials</li>\r\n	<li>Laser welded</li>\r\n	<li>Several smart accessories available</li>\r\n</ul>\r\n', '<ul>\r\n	<li>For heavy-duty applications like water evacuation, ventilation and plumbing channels, waste evacuation pipes, gas supply pipes, and barriers.</li>\r\n	<li>Developed for fast cutting in universal construction materials, with a focus on hard materials like granite and hard concrete.</li>\r\n	<li>Segments are attached to the tube by laser welding to minimize the risk of segment loss.</li>\r\n	<li>With accessories such as adapters, centering devices, and extenders the drill job can be made easier.</li>\r\n	<li>Fits To &mdash; DM 220, DM 230, DM 650, DM 280, DMS 240, DM 406 H, DM 400, DM 200, DM 700, DM 430</li>\r\n</ul>\r\n', '<ul>\r\n	<li>Diameter: 250 mm</li>\r\n	<li>Segment Length: 24 mm</li>\r\n	<li>Segment Width: 4.3 mm</li>\r\n	<li>Segment Height: 11 mm</li>\r\n	<li>Number of Segments: 17</li>\r\n	<li>Core Length: 450 mm</li>\r\n	<li>Coolant: Wet/dry</li>\r\n	<li>Drill Connection: 11/4 inch</li>\r\n	<li>Power Range, max: 4 kW</li>\r\n	<li>Power Range, min: 1.5 kW</li>\r\n</ul>\r\n', '', 'VARI-DRILL-D20.png,', '2022-03-22 14:44:48', 1),
(32, 'WET/DRY DIAMOND CORE DRILL BIT, 300 MM X 11/4 INCH, VARI-DRILL D20', '582006901', 39, 48, 19, 19, '<ul>\r\n	<li>Heavy-duty applications</li>\r\n	<li>Ideal for concrete and hard materials</li>\r\n	<li>Laser welded</li>\r\n	<li>Several smart accessories available</li>\r\n</ul>\r\n', '<ul>\r\n	<li>For heavy-duty applications like water evacuation, ventilation and plumbing channels, waste evacuation pipes, gas supply pipes, and barriers.</li>\r\n	<li>Developed for fast cutting in universal construction materials, with a focus on hard materials like granite and hard concrete.</li>\r\n	<li>Segments are attached to the tube by laser welding to minimize the risk of segment loss.</li>\r\n	<li>With accessories such as adapters, centering devices, and extenders the drill job can be made easier.</li>\r\n	<li>Fits To &mdash; DM 220, DM 230, DM 650, DM 280, DMS 240, DM 406 H, DM 400, DM 200, DM 700, DM 430</li>\r\n</ul>\r\n', '<ul>\r\n	<li>Diameter: 300 mm</li>\r\n	<li>Segment Length: 24 mm</li>\r\n	<li>Segment Width: 4.3 mm</li>\r\n	<li>Segment Height: 11 mm</li>\r\n	<li>Number of Segments: 21</li>\r\n	<li>Core Length: 450 mm</li>\r\n	<li>Coolant: Wet/dry</li>\r\n	<li>Drill Connection: 11/4 inch</li>\r\n	<li>Power Range, max: 4 kW</li>\r\n	<li>Power Range, min: 1.5 kW</li>\r\n</ul>\r\n', '', 'VARI-DRILL-D20.png,', '2022-03-22 14:45:46', 1),
(33, 'WET/DRY DIAMOND CORE DRILL BIT, 52 MM X 11/4 INCH, TACTI-DRILL D20', '582076901', 39, 48, 19, 19, '<ul>\r\n	<li>Wide application window</li>\r\n	<li>Laser welded</li>\r\n	<li>Good balance between performance and cost</li>\r\n	<li>High speed and free cutting</li>\r\n	<li>Several smart accessories are available</li>\r\n</ul>\r\n', '<ul>\r\n	<li>Designed to cover a wide window of applications with a very good performance.</li>\r\n	<li>Segments are attached to the tube by laser welding to minimize the risk of segment loss.</li>\r\n	<li>This diamond tool has a good performance/price ratio thanks to the high-performance output in relation to the tool investment.</li>\r\n	<li>High speed and free cutting.</li>\r\n	<li>With accessories such as adapters, centering devices, and extenders the drill job can be made easier.</li>\r\n	<li>Fits To &mdash; DM 220, DM 230, DM 280, DMS 240, DM 406 H, DM 400, DM 200, DM 430</li>\r\n</ul>\r\n', '<ul>\r\n	<li>Diameter: 52 mm</li>\r\n	<li>Segment Length: 24 mm</li>\r\n	<li>Segment Width: 3.5 mm</li>\r\n	<li>Segment Height: 7 mm</li>\r\n	<li>Number of Segments: 5</li>\r\n	<li>Core Length: 450 mm</li>\r\n	<li>Coolant: Wet/dry</li>\r\n	<li>Drill Connection: 11/4 inch</li>\r\n	<li>Power Range, max: 4 kW</li>\r\n	<li>Power Range, min: 1.5 kW</li>\r\n</ul>\r\n', '', 'TACTI-DRILL-D20.png,', '2022-03-22 14:46:43', 1);
INSERT INTO `sub_product` (`sub_product_id`, `sub_product_name`, `model_no`, `category_id`, `subcategory_id`, `product_id`, `brand_id`, `short_description`, `features`, `specifications`, `download_link`, `file_name`, `uploaded_on`, `flag`) VALUES
(34, 'WET/DRY DIAMOND CORE DRILL BIT, 72 MM X 11/4 INCH, TACTI-DRILL D20', '582077301', 39, 48, 19, 19, '<ul>\r\n	<li>Wide application window</li>\r\n	<li>Laser welded</li>\r\n	<li>Good balance between performance and cost</li>\r\n	<li>High speed and free cutting</li>\r\n	<li>Several smart accessories are available</li>\r\n</ul>\r\n', '<ul>\r\n	<li>Designed to cover a wide window of applications with a very good performance.</li>\r\n	<li>Segments are attached to the tube by laser welding to minimize the risk of segment loss.</li>\r\n	<li>This diamond tool has a good performance/price ratio thanks to the high-performance output in relation to the tool investment.</li>\r\n	<li>High speed and free cutting.</li>\r\n	<li>With accessories such as adapters, centering devices, and extenders the drill job can be made easier.</li>\r\n	<li>Fits To &mdash; DM 220, DM 230, DM 280, DMS 240, DM 406 H, DM 400, DM 200, DM 430</li>\r\n</ul>\r\n', '<ul>\r\n	<li>Diameter: 72 mm</li>\r\n	<li>Segment Length: 24 mm</li>\r\n	<li>Segment Width: 3.5 mm</li>\r\n	<li>Segment Height: 7 mm</li>\r\n	<li>Number of Segments: 6</li>\r\n	<li>Core Length: 450 mm</li>\r\n	<li>Coolant: Wet/dry</li>\r\n	<li>Drill Connection: 11/4 inch</li>\r\n	<li>Power Range, max: 4 kW</li>\r\n	<li>Power Range, min: 1.5 kW</li>\r\n</ul>\r\n', '', 'TACTI-DRILL-D20.png,', '2022-03-22 14:47:57', 1),
(35, 'WET/DRY DIAMOND CORE DRILL BIT, 102 MM X 11/4 INCH, TACTI-DRILL D20', '582077601', 39, 48, 19, 19, '<ul>\r\n	<li>Wide application window</li>\r\n	<li>Laser welded</li>\r\n	<li>Good balance between performance and cost</li>\r\n	<li>High speed and free cutting</li>\r\n	<li>Several smart accessories are available</li>\r\n</ul>\r\n', '<ul>\r\n	<li>Designed to cover a wide window of applications with a very good performance.</li>\r\n	<li>Segments are attached to the tube by laser welding to minimize the risk of segment loss.</li>\r\n	<li>This diamond tool has a good performance/price ratio thanks to the high-performance output in relation to the tool investment.</li>\r\n	<li>High speed and free cutting.</li>\r\n	<li>With accessories such as adapters, centering devices, and extenders the drill job can be made easier.</li>\r\n	<li>Fits To &mdash; DM 220, DM 230, DM 280, DMS 240, DM 406 H, DM 400, DM 200, DM 430</li>\r\n</ul>\r\n', '<ul>\r\n	<li>Diameter: 102 mm</li>\r\n	<li>Segment Length: 24 mm</li>\r\n	<li>Segment Width: 3.5 mm</li>\r\n	<li>Segment Height: 7 mm</li>\r\n	<li>Number of Segments: 8</li>\r\n	<li>Core Length: 450 mm</li>\r\n	<li>Coolant: Wet/dry</li>\r\n	<li>Drill Connection: 11/4 inch</li>\r\n	<li>Power Range, max: 4 kW</li>\r\n	<li>Power Range, min: 1.5 kW</li>\r\n</ul>\r\n', '', 'TACTI-DRILL-D20.png,', '2022-03-22 14:49:15', 1),
(36, 'WET/DRY DIAMOND CORE DRILL BIT, 152 MM X 11/4 INCH, TACTI-DRILL D20', '582078301', 39, 48, 19, 19, '<ul>\r\n	<li>Wide application window</li>\r\n	<li>Laser welded</li>\r\n	<li>Good balance between performance and cost</li>\r\n	<li>High speed and free cutting</li>\r\n	<li>Several smart accessories are available</li>\r\n</ul>\r\n', '<ul>\r\n	<li>Designed to cover a wide window of applications with a very good performance.</li>\r\n	<li>Segments are attached to the tube by laser welding to minimize the risk of segment loss.</li>\r\n	<li>This diamond tool has a good performance/price ratio thanks to the high-performance output in relation to the tool investment.</li>\r\n	<li>High speed and free cutting.</li>\r\n	<li>With accessories such as adapters, centering devices, and extenders the drill job can be made easier.</li>\r\n	<li>Fits To &mdash; DM 220, DM 230, DM 280, DMS 240, DM 406 H, DM 400, DM 200, DM 430</li>\r\n</ul>\r\n', '<ul>\r\n	<li>Diameter: 152 mm</li>\r\n	<li>Segment Length: 24 mm</li>\r\n	<li>Segment Width: 3.7 mm</li>\r\n	<li>Segment Height: 7 mm</li>\r\n	<li>Number of Segments: 12</li>\r\n	<li>Core Length: 450 mm</li>\r\n	<li>Coolant: Wet/dry</li>\r\n	<li>Drill Connection: 11/4 inch</li>\r\n	<li>Power Range, max: 4 kW</li>\r\n	<li>Power Range, min: 1.5 kW</li>\r\n</ul>\r\n', '', 'TACTI-DRILL-D20.png,', '2022-03-22 14:50:17', 1),
(37, 'CORE DRILLS 102 X 400MM', 'DCS-102', 39, 48, 19, 19, '<ul>\r\n	<li>Gazelle diamond core drill bits are designed to meet the demands of more and more core drilling applications right on the job sites.</li>\r\n	<li>These core bits are used for high speed drilling and in a wide range of building materials.</li>\r\n</ul>\r\n', '<ul>\r\n	<li>For fast drilling of holes in concrete, asphalt, hard brick and block.</li>\r\n	<li>The high diamond concentration ensures excellent footage and cutting speed.</li>\r\n	<li>Laser welded segments provide strength and durability</li>\r\n</ul>\r\n', '', '', 'GAZ_DCS-102.jpg,', '2022-03-22 15:02:27', 1),
(38, 'CORE DRILLS 127 X 400MM', 'DCS-127', 39, 48, 19, 6, '<ul>\r\n	<li>Gazelle diamond core drill bits are designed to meet the demands of more and more core drilling applications right on the job sites.</li>\r\n	<li>These core bits are used for high speed drilling and in a wide range of building materials.</li>\r\n</ul>\r\n', '<ul>\r\n	<li>For fast drilling of holes in concrete, asphalt, hard brick and block.</li>\r\n	<li>The high diamond concentration ensures excellent footage and cutting speed.</li>\r\n	<li>Laser welded segments provide strength and durability</li>\r\n</ul>\r\n', '', '', 'GAZ_DCS-102.jpg,', '2022-03-22 15:03:22', 1),
(39, 'CORE DRILLS 14 X 300MM', 'DCS-14', 39, 48, 19, 6, '<ul>\r\n	<li>Gazelle diamond core drill bits are designed to meet the demands of more and more core drilling applications right on the job sites.</li>\r\n	<li>These core bits are used for high speed drilling and in a wide range of building materials.</li>\r\n</ul>\r\n', '<ul>\r\n	<li>For fast drilling of holes in concrete, asphalt, hard brick and block.</li>\r\n	<li>The high diamond concentration ensures excellent footage and cutting speed.</li>\r\n	<li>Laser welded segments provide strength and durability</li>\r\n</ul>\r\n', '', '', 'GAZ_DCS-14.jpg,', '2022-03-22 15:04:07', 1),
(40, 'CORE DRILLS 152 X 400MM', 'DCS-152', 39, 48, 19, 6, '<ul>\r\n	<li>Gazelle diamond core drill bits are designed to meet the demands of more and more core drilling applications right on the job sites.</li>\r\n	<li>These core bits are used for high speed drilling and in a wide range of building materials.</li>\r\n</ul>\r\n', '<ul>\r\n	<li>For fast drilling of holes in concrete, asphalt, hard brick and block.</li>\r\n	<li>The high diamond concentration ensures excellent footage and cutting speed.</li>\r\n	<li>Laser welded segments provide strength and durability</li>\r\n</ul>\r\n', '', '', 'GAZ_DCS-102.jpg,', '2022-03-22 15:04:57', 1),
(41, 'CORE DRILLS 16 X 300MM', 'DCS-16', 39, 48, 19, 6, '<ul>\r\n	<li>Gazelle diamond core drill bits are designed to meet the demands of more and more core drilling applications right on the job sites.</li>\r\n	<li>These core bits are used for high speed drilling and in a wide range of building materials.</li>\r\n</ul>\r\n', '<ul>\r\n	<li>For fast drilling of holes in concrete, asphalt, hard brick and block.</li>\r\n	<li>The high diamond concentration ensures excellent footage and cutting speed.</li>\r\n	<li>Laser welded segments provide strength and durability</li>\r\n</ul>\r\n', '', '', 'GAZ_DCS-14.jpg,', '2022-03-22 15:05:37', 1),
(42, 'CORE DRILLS 20 X 300MM', 'DCS-20', 39, 48, 19, 6, '<ul>\r\n	<li>Gazelle diamond core drill bits are designed to meet the demands of more and more core drilling applications right on the job sites.</li>\r\n	<li>These core bits are used for high speed drilling and in a wide range of building materials.</li>\r\n</ul>\r\n', '<ul>\r\n	<li>For fast drilling of holes in concrete, asphalt, hard brick and block.</li>\r\n	<li>The high diamond concentration ensures excellent footage and cutting speed.</li>\r\n	<li>Laser welded segments provide strength and durability</li>\r\n</ul>\r\n', '', '', 'GAZ_DCS-14.jpg,', '2022-03-22 15:06:47', 1),
(43, 'CORE DRILLS 202 X 400MM', 'DCS-202', 39, 48, 19, 6, '<ul>\r\n	<li>Gazelle diamond core drill bits are designed to meet the demands of more and more core drilling applications right on the job sites.</li>\r\n	<li>These core bits are used for high speed drilling and in a wide range of building materials.</li>\r\n</ul>\r\n', '<ul>\r\n	<li>For fast drilling of holes in concrete, asphalt, hard brick and block.</li>\r\n	<li>The high diamond concentration ensures excellent footage and cutting speed.</li>\r\n	<li>Laser welded segments provide strength and durability</li>\r\n</ul>\r\n', '', '', 'Gazelle_DCS-202_Core-Drills-202-x-400mm.jpg,', '2022-03-22 15:08:45', 1),
(44, 'CORE DRILLS 22 X 300MM', 'DCS-22', 39, 48, 19, 6, '<ul>\r\n	<li>Gazelle diamond core drill bits are designed to meet the demands of more and more core drilling applications right on the job sites.</li>\r\n	<li>These core bits are used for high speed drilling and in a wide range of building materials.</li>\r\n</ul>\r\n', '<ul>\r\n	<li>For fast drilling of holes in concrete, asphalt, hard brick and block.</li>\r\n	<li>The high diamond concentration ensures excellent footage and cutting speed.</li>\r\n	<li>Laser welded segments provide strength and durability</li>\r\n</ul>\r\n', '', '', 'GAZ_DCS-14.jpg,', '2022-03-22 15:09:43', 1),
(45, 'CORE DRILLS 25 X 300MM', 'DCS-25', 39, 48, 19, 6, '<ul>\r\n	<li>Gazelle diamond core drill bits are designed to meet the demands of more and more core drilling applications right on the job sites.</li>\r\n	<li>These core bits are used for high speed drilling and in a wide range of building materials.</li>\r\n</ul>\r\n', '<ul>\r\n	<li>For fast drilling of holes in concrete, asphalt, hard brick and block.</li>\r\n	<li>The high diamond concentration ensures excellent footage and cutting speed.</li>\r\n	<li>Laser welded segments provide strength and durability</li>\r\n</ul>\r\n', '', '', 'GAZ_DCS-14.jpg,', '2022-03-22 15:10:40', 1),
(46, 'CORE DRILLS 250 X 400MM', 'DCS-250', 39, 48, 19, 6, '<ul>\r\n	<li>Gazelle diamond core drill bits are designed to meet the demands of more and more core drilling applications right on the job sites.</li>\r\n	<li>These core bits are used for high speed drilling and in a wide range of building materials.</li>\r\n</ul>\r\n', '<ul>\r\n	<li>For fast drilling of holes in concrete, asphalt, hard brick and block.</li>\r\n	<li>The high diamond concentration ensures excellent footage and cutting speed.</li>\r\n	<li>Laser welded segments provide strength and durability</li>\r\n</ul>\r\n', '', '', 'GAZ_DCS-102.jpg,', '2022-03-22 15:11:22', 1),
(47, 'CORE DRILLS 32 X 300MM', 'DCS-32', 39, 48, 19, 6, '<ul>\r\n	<li>Gazelle diamond core drill bits are designed to meet the demands of more and more core drilling applications right on the job sites.</li>\r\n	<li>These core bits are used for high speed drilling and in a wide range of building materials.</li>\r\n</ul>\r\n', '<ul>\r\n	<li>For fast drilling of holes in concrete, asphalt, hard brick and block.</li>\r\n	<li>The high diamond concentration ensures excellent footage and cutting speed.</li>\r\n	<li>Laser welded segments provide strength and durability</li>\r\n</ul>\r\n', '', '', 'GAZ_DCS-102.jpg,', '2022-03-22 15:12:07', 1),
(48, 'CORE DRILLS 40 X 400MM', 'DCS-40', 39, 48, 19, 6, '<ul>\r\n	<li>Gazelle diamond core drill bits are designed to meet the demands of more and more core drilling applications right on the job sites.</li>\r\n	<li>These core bits are used for high speed drilling and in a wide range of building materials.</li>\r\n</ul>\r\n', '<p>&nbsp;</p>\r\n\r\n<ul>\r\n	<li>For fast drilling of holes in concrete, asphalt, hard brick and block.</li>\r\n	<li>The high diamond concentration ensures excellent footage and cutting speed.</li>\r\n	<li>Laser welded segments provide strength and durability</li>\r\n</ul>\r\n', '', '', 'Gazelle_DCS-202_Core-Drills-202-x-400mm.jpg,', '2022-03-22 15:12:51', 1),
(49, 'CORE DRILLS 52 X 400MM', 'DCS-52', 39, 48, 19, 6, '<ul>\r\n	<li>Gazelle diamond core drill bits are designed to meet the demands of more and more core drilling applications right on the job sites.</li>\r\n	<li>These core bits are used for high speed drilling and in a wide range of building materials.</li>\r\n</ul>\r\n', '<ul>\r\n	<li>For fast drilling of holes in concrete, asphalt, hard brick and block.</li>\r\n	<li>The high diamond concentration ensures excellent footage and cutting speed.</li>\r\n	<li>Laser welded segments provide strength and durability</li>\r\n</ul>\r\n', '', '', 'Gazelle_DCS-202_Core-Drills-202-x-400mm.jpg,', '2022-03-22 15:13:43', 1),
(50, 'CORE DRILLS 62 X 400MM', 'DCS-62', 39, 48, 19, 6, '<ul>\r\n	<li>Gazelle diamond core drill bits are designed to meet the demands of more and more core drilling applications right on the job sites.</li>\r\n	<li>These core bits are used for high speed drilling and in a wide range of building materials.</li>\r\n</ul>\r\n', '<ul>\r\n	<li>For fast drilling of holes in concrete, asphalt, hard brick and block.</li>\r\n	<li>The high diamond concentration ensures excellent footage and cutting speed.</li>\r\n	<li>Laser welded segments provide strength and durability</li>\r\n</ul>\r\n', '', '', 'Gazelle_DCS-202_Core-Drills-202-x-400mm.jpg,', '2022-03-22 15:14:30', 1),
(51, 'CORE DRILLS 77 X 400MM', 'DCS-77', 39, 48, 19, 6, '<ul>\r\n	<li>Gazelle diamond core drill bits are designed to meet the demands of more and more core drilling applications right on the job sites.</li>\r\n	<li>These core bits are used for high speed drilling and in a wide range of building materials.</li>\r\n</ul>\r\n', '<p>&nbsp;</p>\r\n\r\n<ul>\r\n	<li>For fast drilling of holes in concrete, asphalt, hard brick and block.</li>\r\n	<li>The high diamond concentration ensures excellent footage and cutting speed.</li>\r\n	<li>Laser welded segments provide strength and durability</li>\r\n</ul>\r\n', '', '', 'Gazelle_DCS-202_Core-Drills-202-x-400mm.jpg,', '2022-03-22 15:15:08', 1),
(52, 'CORE DRILLS ADAPTOR 1-1/4 X 1/2', 'DCS-ADAP', 39, 48, 19, 6, '<ul>\r\n	<li>Gazelle diamond core drill bits are designed to meet the demands of more and more core drilling applications right on the job sites.</li>\r\n	<li>These core bits are used for high speed drilling and in a wide range of building materials.</li>\r\n</ul>\r\n', '<ul>\r\n	<li>For fast drilling of holes in concrete, asphalt, hard brick and block.</li>\r\n	<li>The high diamond concentration ensures excellent footage and cutting speed.</li>\r\n	<li>Laser welded segments provide strength and durability</li>\r\n</ul>\r\n', '', '', 'GAZ_DCS-102.jpg,', '2022-03-22 15:15:57', 1),
(53, 'FORAGRES WET DIAMOND DRILL BIT 20MM', '4970', 39, 48, 19, 5, '<ul>\r\n	<li>FORAGRES diamond drill bits are ideal for drilling stoneware tiles, porcelain tiles and pieces of granite and marble.</li>\r\n	<li>Available in various diameters, from 20 to 120 mm. They are perfect for making holes in ceramic tiles during installation.</li>\r\n	<li>The FORAGRES range of diamond drill bits includes all the diameters needed to perform the most common drilling for water tapping points, sewers, electrical connections, etc.</li>\r\n	<li>The diamond rim of FORAGRES drill bits is sintered and joined to the drill bit body by laser welding.</li>\r\n</ul>\r\n', '<ul>\r\n	<li>FORAGRES diamond drill bits are ideal for drilling stoneware tiles, porcelain tiles and pieces of granite and marble.</li>\r\n	<li>Available in various diameters, from 20 to 120 mm. They are perfect for making holes in ceramic tiles during installation.</li>\r\n	<li>The FORAGRES range of diamond drill bits includes all the diameters needed to perform the most common drilling for water tapping points, sewers, electrical connections, etc.</li>\r\n	<li>The diamond rim of FORAGRES drill bits is sintered and joined to the drill bit body by laser welding.</li>\r\n	<li>FORAGRES diamond drill bits must ALWAYS be used water-cooled and with a non-percussive power drill.</li>\r\n	<li>The use of the MULTIDRILL centring guide (ref. 50944) is recommended for centring holes with a diameter of up to 83 mm.</li>\r\n	<li>For drilling holes with a diameter greater than 84 mm, the FORAGRES guide is recommended (ref. 50900).</li>\r\n	<li>The average life of the FORAGRES diamond drill bits is 60 holes and ALWAYS depends on the type of material, its thickness and proper cooling and use.</li>\r\n	<li>The drilling depth of the FORAGRES diamond drill bits is 30 mm (33 mm for diameters of 55 and 75 mm).</li>\r\n	<li>The maximum speed of use for FORAGRES diamond drill bits is 900 rpm except in diameters of 100 and 120 mm where the maximum speed for use is 450 rpm.</li>\r\n	<li>For a better finish and longer drill bit life, it is important to respect the proper rotation speed and exert moderate pressure during drilling.</li>\r\n</ul>\r\n', '', '', 'Rubi_Wet-Diamond-Drill-Bit_4970-180x180.jpg,', '2022-03-22 15:20:15', 1),
(54, 'FORAGRES WET DIAMOND DRILL BIT 28MM', '4971', 39, 48, 19, 5, '<ul>\r\n	<li>FORAGRES diamond drill bits are ideal for drilling stoneware tiles, porcelain tiles and pieces of granite and marble.</li>\r\n	<li>Available in various diameters, from 20 to 120 mm. They are perfect for making holes in ceramic tiles during installation.</li>\r\n	<li>The FORAGRES range of diamond drill bits includes all the diameters needed to perform the most common drilling for water tapping points, sewers, electrical connections, etc.</li>\r\n	<li>The diamond rim of FORAGRES drill bits is sintered and joined to the drill bit body by laser welding.</li>\r\n</ul>\r\n', '<ul>\r\n	<li>FORAGRES diamond drill bits are ideal for drilling stoneware tiles, porcelain tiles and pieces of granite and marble.</li>\r\n	<li>Available in various diameters, from 20 to 120 mm. They are perfect for making holes in ceramic tiles during installation.</li>\r\n	<li>The FORAGRES range of diamond drill bits includes all the diameters needed to perform the most common drilling for water tapping points, sewers, electrical connections, etc.</li>\r\n	<li>The diamond rim of FORAGRES drill bits is sintered and joined to the drill bit body by laser welding.</li>\r\n	<li>FORAGRES diamond drill bits must ALWAYS be used water-cooled and with a non-percussive power drill.</li>\r\n	<li>The use of the MULTIDRILL centring guide (ref. 50944) is recommended for centring holes with a diameter of up to 83 mm.</li>\r\n	<li>For drilling holes with a diameter greater than 84 mm, the FORAGRES guide is recommended (ref. 50900).</li>\r\n	<li>The average life of the FORAGRES diamond drill bits is 60 holes and ALWAYS depends on the type of material, its thickness and proper cooling and use.</li>\r\n	<li>The drilling depth of the FORAGRES diamond drill bits is 30 mm (33 mm for diameters of 55 and 75 mm).</li>\r\n	<li>The maximum speed of use for FORAGRES diamond drill bits is 900 rpm except in diameters of 100 and 120 mm where the maximum speed for use is 450 rpm.</li>\r\n	<li>For a better finish and longer drill bit life, it is important to respect the proper rotation speed and exert moderate pressure during drilling.</li>\r\n</ul>\r\n', '', '', 'Rubi_Wet-Diamond-Drill-Bit_4970-180x180.jpg,', '2022-03-22 15:21:14', 1),
(55, 'FORAGRES WET DIAMOND DRILL BIT 35MM', '4971', 39, 48, 19, 5, '<ul>\r\n	<li>FORAGRES diamond drill bits are ideal for drilling stoneware tiles, porcelain tiles and pieces of granite and marble.</li>\r\n	<li>Available in various diameters, from 20 to 120 mm. They are perfect for making holes in ceramic tiles during installation.</li>\r\n	<li>The FORAGRES range of diamond drill bits includes all the diameters needed to perform the most common drilling for water tapping points, sewers, electrical connections, etc.</li>\r\n	<li>The diamond rim of FORAGRES drill bits is sintered and joined to the drill bit body by laser welding.</li>\r\n</ul>\r\n', '<ul>\r\n	<li>FORAGRES diamond drill bits are ideal for drilling stoneware tiles, porcelain tiles and pieces of granite and marble.</li>\r\n	<li>Available in various diameters, from 20 to 120 mm. They are perfect for making holes in ceramic tiles during installation.</li>\r\n	<li>The FORAGRES range of diamond drill bits includes all the diameters needed to perform the most common drilling for water tapping points, sewers, electrical connections, etc.</li>\r\n	<li>The diamond rim of FORAGRES drill bits is sintered and joined to the drill bit body by laser welding.</li>\r\n	<li>FORAGRES diamond drill bits must ALWAYS be used water-cooled and with a non-percussive power drill.</li>\r\n	<li>The use of the MULTIDRILL centring guide (ref. 50944) is recommended for centring holes with a diameter of up to 83 mm.</li>\r\n	<li>For drilling holes with a diameter greater than 84 mm, the FORAGRES guide is recommended (ref. 50900).</li>\r\n	<li>The average life of the FORAGRES diamond drill bits is 60 holes and ALWAYS depends on the type of material, its thickness and proper cooling and use.</li>\r\n	<li>The drilling depth of the FORAGRES diamond drill bits is 30 mm (33 mm for diameters of 55 and 75 mm).</li>\r\n	<li>The maximum speed of use for FORAGRES diamond drill bits is 900 rpm except in diameters of 100 and 120 mm where the maximum speed for use is 450 rpm.</li>\r\n	<li>For a better finish and longer drill bit life, it is important to respect the proper rotation speed and exert moderate pressure during drilling.</li>\r\n</ul>\r\n', '', '', 'Rubi_Wet-Diamond-Drill-Bit_4970-180x180.jpg,', '2022-03-22 15:21:59', 1),
(56, 'FORAGRES WET DIAMOND DRILL BIT 43MM', '4981', 39, 48, 19, 5, '<ul>\r\n	<li>FORAGRES diamond drill bits are ideal for drilling stoneware tiles, porcelain tiles and pieces of granite and marble.</li>\r\n	<li>Available in various diameters, from 20 to 120 mm. They are perfect for making holes in ceramic tiles during installation.</li>\r\n	<li>The FORAGRES range of diamond drill bits includes all the diameters needed to perform the most common drilling for water tapping points, sewers, electrical connections, etc.</li>\r\n	<li>The diamond rim of FORAGRES drill bits is sintered and joined to the drill bit body by laser welding.</li>\r\n</ul>\r\n', '<ul>\r\n	<li>FORAGRES diamond drill bits are ideal for drilling stoneware tiles, porcelain tiles and pieces of granite and marble.</li>\r\n	<li>Available in various diameters, from 20 to 120 mm. They are perfect for making holes in ceramic tiles during installation.</li>\r\n	<li>The FORAGRES range of diamond drill bits includes all the diameters needed to perform the most common drilling for water tapping points, sewers, electrical connections, etc.</li>\r\n	<li>The diamond rim of FORAGRES drill bits is sintered and joined to the drill bit body by laser welding.</li>\r\n	<li>FORAGRES diamond drill bits must ALWAYS be used water-cooled and with a non-percussive power drill.</li>\r\n	<li>The use of the MULTIDRILL centring guide (ref. 50944) is recommended for centring holes with a diameter of up to 83 mm.</li>\r\n	<li>For drilling holes with a diameter greater than 84 mm, the FORAGRES guide is recommended (ref. 50900).</li>\r\n	<li>The average life of the FORAGRES diamond drill bits is 60 holes and ALWAYS depends on the type of material, its thickness and proper cooling and use.</li>\r\n	<li>The drilling depth of the FORAGRES diamond drill bits is 30 mm (33 mm for diameters of 55 and 75 mm).</li>\r\n	<li>The maximum speed of use for FORAGRES diamond drill bits is 900 rpm except in diameters of 100 and 120 mm where the maximum speed for use is 450 rpm.</li>\r\n	<li>For a better finish and longer drill bit life, it is important to respect the proper rotation speed and exert moderate pressure during drilling.</li>\r\n</ul>\r\n', '', '', 'Rubi_Wet-Diamond-Drill-Bit_4981-180x180.jpg,', '2022-03-22 15:23:19', 1),
(57, 'FORAGRES WET DIAMOND DRILL BIT 50MM', '4973', 39, 48, 19, 5, '<ul>\r\n	<li>FORAGRES diamond drill bits are ideal for drilling stoneware tiles, porcelain tiles and pieces of granite and marble.</li>\r\n	<li>Available in various diameters, from 20 to 120 mm. They are perfect for making holes in ceramic tiles during installation.</li>\r\n	<li>The FORAGRES range of diamond drill bits includes all the diameters needed to perform the most common drilling for water tapping points, sewers, electrical connections, etc.</li>\r\n	<li>The diamond rim of FORAGRES drill bits is sintered and joined to the drill bit body by laser welding.</li>\r\n</ul>\r\n', '<ul>\r\n	<li>FORAGRES diamond drill bits are ideal for drilling stoneware tiles, porcelain tiles and pieces of granite and marble.</li>\r\n	<li>Available in various diameters, from 20 to 120 mm. They are perfect for making holes in ceramic tiles during installation.</li>\r\n	<li>The FORAGRES range of diamond drill bits includes all the diameters needed to perform the most common drilling for water tapping points, sewers, electrical connections, etc.</li>\r\n	<li>The diamond rim of FORAGRES drill bits is sintered and joined to the drill bit body by laser welding.</li>\r\n	<li>FORAGRES diamond drill bits must ALWAYS be used water-cooled and with a non-percussive power drill.</li>\r\n	<li>The use of the MULTIDRILL centring guide (ref. 50944) is recommended for centring holes with a diameter of up to 83 mm.</li>\r\n	<li>For drilling holes with a diameter greater than 84 mm, the FORAGRES guide is recommended (ref. 50900).</li>\r\n	<li>The average life of the FORAGRES diamond drill bits is 60 holes and ALWAYS depends on the type of material, its thickness and proper cooling and use.</li>\r\n	<li>The drilling depth of the FORAGRES diamond drill bits is 30 mm (33 mm for diameters of 55 and 75 mm).</li>\r\n	<li>The maximum speed of use for FORAGRES diamond drill bits is 900 rpm except in diameters of 100 and 120 mm where the maximum speed for use is 450 rpm.</li>\r\n	<li>For a better finish and longer drill bit life, it is important to respect the proper rotation speed and exert moderate pressure during drilling.</li>\r\n</ul>\r\n', '', '', 'Rubi_Wet-Diamond-Drill-Bit_4981-180x180.jpg,', '2022-03-22 15:23:48', 1),
(58, 'FORAGRES WET DIAMOND DRILL BIT 65MM', '4977', 39, 48, 19, 5, '<ul>\r\n	<li>FORAGRES diamond drill bits are ideal for drilling stoneware tiles, porcelain tiles and pieces of granite and marble.</li>\r\n	<li>Available in various diameters, from 20 to 120 mm. They are perfect for making holes in ceramic tiles during installation.</li>\r\n	<li>The FORAGRES range of diamond drill bits includes all the diameters needed to perform the most common drilling for water tapping points, sewers, electrical connections, etc.</li>\r\n	<li>The diamond rim of FORAGRES drill bits is sintered and joined to the drill bit body by laser welding.</li>\r\n</ul>\r\n', '<ul>\r\n	<li>FORAGRES diamond drill bits are ideal for drilling stoneware tiles, porcelain tiles and pieces of granite and marble.</li>\r\n	<li>Available in various diameters, from 20 to 120 mm. They are perfect for making holes in ceramic tiles during installation.</li>\r\n	<li>The FORAGRES range of diamond drill bits includes all the diameters needed to perform the most common drilling for water tapping points, sewers, electrical connections, etc.</li>\r\n	<li>The diamond rim of FORAGRES drill bits is sintered and joined to the drill bit body by laser welding.</li>\r\n	<li>FORAGRES diamond drill bits must ALWAYS be used water-cooled and with a non-percussive power drill.</li>\r\n	<li>The use of the MULTIDRILL centring guide (ref. 50944) is recommended for centring holes with a diameter of up to 83 mm.</li>\r\n	<li>For drilling holes with a diameter greater than 84 mm, the FORAGRES guide is recommended (ref. 50900).</li>\r\n	<li>The average life of the FORAGRES diamond drill bits is 60 holes and ALWAYS depends on the type of material, its thickness and proper cooling and use.</li>\r\n	<li>The drilling depth of the FORAGRES diamond drill bits is 30 mm (33 mm for diameters of 55 and 75 mm).</li>\r\n	<li>The maximum speed of use for FORAGRES diamond drill bits is 900 rpm except in diameters of 100 and 120 mm where the maximum speed for use is 450 rpm.</li>\r\n	<li>For a better finish and longer drill bit life, it is important to respect the proper rotation speed and exert moderate pressure during drilling.</li>\r\n</ul>\r\n', '', '', 'Rubi_Wet-Diamond-Drill-Bit_4976-180x180.jpg,', '2022-03-22 15:24:13', 1),
(59, 'FORAGRES WET DIAMOND DRILL BIT 100MM', '4976', 39, 48, 19, 5, '<ul>\r\n	<li>FORAGRES diamond drill bits are ideal for drilling stoneware tiles, porcelain tiles and pieces of granite and marble.</li>\r\n	<li>Available in various diameters, from 20 to 120 mm. They are perfect for making holes in ceramic tiles during installation.</li>\r\n	<li>The FORAGRES range of diamond drill bits includes all the diameters needed to perform the most common drilling for water tapping points, sewers, electrical connections, etc.</li>\r\n	<li>The diamond rim of FORAGRES drill bits is sintered and joined to the drill bit body by laser welding.</li>\r\n</ul>\r\n', '<ul>\r\n	<li>FORAGRES diamond drill bits are ideal for drilling stoneware tiles, porcelain tiles and pieces of granite and marble.</li>\r\n	<li>Available in various diameters, from 20 to 120 mm. They are perfect for making holes in ceramic tiles during installation.</li>\r\n	<li>The FORAGRES range of diamond drill bits includes all the diameters needed to perform the most common drilling for water tapping points, sewers, electrical connections, etc.</li>\r\n	<li>The diamond rim of FORAGRES drill bits is sintered and joined to the drill bit body by laser welding.</li>\r\n	<li>FORAGRES diamond drill bits must ALWAYS be used water-cooled and with a non-percussive power drill.</li>\r\n	<li>The use of the MULTIDRILL centring guide (ref. 50944) is recommended for centring holes with a diameter of up to 83 mm.</li>\r\n	<li>For drilling holes with a diameter greater than 84 mm, the FORAGRES guide is recommended (ref. 50900).</li>\r\n	<li>The average life of the FORAGRES diamond drill bits is 60 holes and ALWAYS depends on the type of material, its thickness and proper cooling and use.</li>\r\n	<li>The drilling depth of the FORAGRES diamond drill bits is 30 mm (33 mm for diameters of 55 and 75 mm).</li>\r\n	<li>The maximum speed of use for FORAGRES diamond drill bits is 900 rpm except in diameters of 100 and 120 mm where the maximum speed for use is 450 rpm.</li>\r\n	<li>For a better finish and longer drill bit life, it is important to respect the proper rotation speed and exert moderate pressure during drilling.</li>\r\n</ul>\r\n', '', '', 'Rubi_Wet-Diamond-Drill-Bit_4976-180x180.jpg,', '2022-03-22 15:24:56', 1),
(60, 'FORAGRES WET DIAMOND DRILL BIT 120MM', '4977', 39, 48, 19, 5, '<ul>\r\n	<li>FORAGRES diamond drill bits are ideal for drilling stoneware tiles, porcelain tiles and pieces of granite and marble.</li>\r\n	<li>Available in various diameters, from 20 to 120 mm. They are perfect for making holes in ceramic tiles during installation.</li>\r\n	<li>The FORAGRES range of diamond drill bits includes all the diameters needed to perform the most common drilling for water tapping points, sewers, electrical connections, etc.</li>\r\n	<li>The diamond rim of FORAGRES drill bits is sintered and joined to the drill bit body by laser welding.</li>\r\n</ul>\r\n', '<ul>\r\n	<li>FORAGRES diamond drill bits are ideal for drilling stoneware tiles, porcelain tiles and pieces of granite and marble.</li>\r\n	<li>Available in various diameters, from 20 to 120 mm. They are perfect for making holes in ceramic tiles during installation.</li>\r\n	<li>The FORAGRES range of diamond drill bits includes all the diameters needed to perform the most common drilling for water tapping points, sewers, electrical connections, etc.</li>\r\n	<li>The diamond rim of FORAGRES drill bits is sintered and joined to the drill bit body by laser welding.</li>\r\n	<li>FORAGRES diamond drill bits must ALWAYS be used water-cooled and with a non-percussive power drill.</li>\r\n	<li>The use of the MULTIDRILL centring guide (ref. 50944) is recommended for centring holes with a diameter of up to 83 mm.</li>\r\n	<li>For drilling holes with a diameter greater than 84 mm, the FORAGRES guide is recommended (ref. 50900).</li>\r\n	<li>The average life of the FORAGRES diamond drill bits is 60 holes and ALWAYS depends on the type of material, its thickness and proper cooling and use.</li>\r\n	<li>The drilling depth of the FORAGRES diamond drill bits is 30 mm (33 mm for diameters of 55 and 75 mm).</li>\r\n	<li>The maximum speed of use for FORAGRES diamond drill bits is 900 rpm except in diameters of 100 and 120 mm where the maximum speed for use is 450 rpm.</li>\r\n	<li>For a better finish and longer drill bit life, it is important to respect the proper rotation speed and exert moderate pressure during drilling.</li>\r\n</ul>\r\n', '', '', 'Rubi_Wet-Diamond-Drill-Bit_4976-180x180.jpg,', '2022-03-22 15:25:22', 1),
(61, 'SEGMENTED CONCRETE DIAMOND BLADE, 230 MM, 2-PIECE SET, EL 35 CNB', '597808001', 39, 48, 20, 19, '<ul>\r\n	<li>Twin blades</li>\r\n	<li>Smooth and free-cutting start</li>\r\n	<li>Extreme cutting depth</li>\r\n	<li>Ideal for concrete and hard materials</li>\r\n</ul>\r\n', '<ul>\r\n	<li>Optimal for Reinforced concrete, Concrete hard, Concrete medium, Concrete soft, Flint concrete hard, Granite, Brick, Trap-rock</li>\r\n	<li>The design of the segment provides a reduced contact surface in the concrete. This gives a quick start in a controlled manner, when applying a new blade.</li>\r\n	<li>The blades are specially designed to stand the unique cutting depth up to 400 mm.</li>\r\n	<li>Developed for fast cutting in universal construction materials, with a focus on hard materials like granite and hard concrete.</li>\r\n	<li>Dual 9&Prime; Diamond concrete Blades fit for the Cut-n-Break Concrete Power Cutters K760 and K3000</li>\r\n</ul>\r\n', '', '', 'Husqvarna-EL-35-CnB.png,', '2022-03-22 15:40:35', 1),
(62, 'Stone/Concrete Cutting Blade D250XB25.4XH5', 'DT3734-XJ', 39, 48, 20, 2, '', '', '', '', 'Dewalt-DT3734-180x180.jpg,', '2022-03-22 15:43:43', 1),
(63, 'EGMENTED CONCRETE DIAMOND BLADE, 230 MM, 2-PIECE SET, EL 35 CNB', '597808001', 39, 48, 20, 6, '<ul>\r\n	<li>Twin blades</li>\r\n	<li>Smooth and free-cutting start</li>\r\n	<li>Extreme cutting depth</li>\r\n	<li>Ideal for concrete and hard materials</li>\r\n</ul>\r\n', '<ul>\r\n	<li>Optimal for Reinforced concrete, Concrete hard, Concrete medium, Concrete soft, Flint concrete hard, Granite, Brick, Trap-rock</li>\r\n	<li>The design of the segment provides a reduced contact surface in the concrete. This gives a quick start in a controlled manner, when applying a new blade.</li>\r\n	<li>The blades are specially designed to stand the unique cutting depth up to 400 mm.</li>\r\n	<li>Developed for fast cutting in universal construction materials, with a focus on hard materials like granite and hard concrete.</li>\r\n	<li>Dual 9&Prime; Diamond concrete Blades fit for the Cut-n-Break Concrete Power Cutters K760 and K3000</li>\r\n</ul>\r\n', '', '', 'Husqvarna-EL-35-CnB.png,', '2022-03-22 15:44:56', 1),
(64, '100mm double row diamond cup wheel', 'DW4772T-AE', 39, 48, 21, 2, '', '', '', '', 'Dewalt_DW8545_DIAMOND-METAL-CUTOFF-WHEEL-115-X-1.3MM-180x180.jpg,', '2022-03-22 15:46:27', 1),
(65, '12V XR LI-ION COMPACT DRILL DRIVER KIT', 'DCD710C2P-B5', 39, 50, 22, 2, '<ul>\r\n	<li>NEW 12V XR Li-Ion compact drill driver featuring XR 1.3Ah Li-Ion battery technology</li>\r\n	<li>Compact and lightweight design</li>\r\n	<li>15 Position adjustable torque control for consistent screw driving into a variety of materials with different screw sizes</li>\r\n</ul>\r\n', '<ul>\r\n	<li>NEW 12V XR Li-Ion compact drill driver featuring XR 1.3Ah Li-Ion battery technology</li>\r\n	<li>Compact and lightweight design</li>\r\n	<li>15 Position adjustable torque control for consistent screw driving into a variety of materials with different screw sizes</li>\r\n	<li>Ergonomic handle and rubber over-mold to provide ultimate end user comfort</li>\r\n	<li>Parabolic switch profile allowing for greater control over the speed of application</li>\r\n	<li>10mm single sleeve keyless chuck with automatic spindle lock for a quick and easy bit change</li>\r\n	<li>Two-speed settings; variable speed and reverse switch</li>\r\n	<li>Electronic motor brake for added control</li>\r\n	<li>High-performance fan cooled motor for maximum power and durability</li>\r\n	<li>All metal gearing for efficient power transmission and long tool life</li>\r\n	<li>LED light for improved visibility</li>\r\n	<li>Li-Ion slide pack battery allows for superior insertion and removal</li>\r\n	<li>Li-Ion slide pack battery allows for the tool to stand upright</li>\r\n</ul>\r\n', '<p><img alt=\"DEWALT DCD710C2P-B5 12V XR LI-ION COMPACT DRILL DRIVER KIT Specifications\" src=\"https://iscservices.co/wp-content/uploads/2018/07/DEWALT-DCD710C2P-B5-12V-XR-LI-ION-COMPACT-DRILL-DRIVER-KIT-Specifications.jpg\" style=\"height:442px; width:502px\" /></p>\r\n', '<p><a href=\"https://www.aabtools.com/wp-content/uploads/DCD710C2-B5-Specification-Sheet.pdf\" target=\"_blank\">DCD710C2-B5-Specification Sheet</a></p>\r\n', 'DEW_DCD710C2-B5.jpg,', '2022-03-22 16:00:31', 1),
(66, '54V XR FLEXVOLT BRUSHLESS WALL CHASER INC 2X 6AH BATTS & CHARGER IN TSTAK CARRY CASE', 'DCG200T2-GB', 39, 50, 24, 2, '<p>Wall chaser uses 2 diamond discs to cut a channel into a block, brick, or concrete walls and floors.</p>\r\n\r\n<p>Using a hammer the material in-between the two cuts is removed leaving a channel.</p>\r\n\r\n<p>This channel can then be used to lay pipes or wires below the surface of the wall or floor.</p>\r\n', '<ul>\r\n	<li>Electronic brake stops the wheel quickly when the trigger is disengaged</li>\r\n	<li>Electronic clutch reduces the kickback reaction in the event of a pinch or stall</li>\r\n	<li>A mesh cover over air intake vents restricts dust being sucked through the motor</li>\r\n	<li>Rubber over-mold provides enhanced grip and comfort</li>\r\n	<li>Creates less debris</li>\r\n	<li>Brushless motor</li>\r\n	<li>Lock-off trigger switch</li>\r\n	<li>Blade height adjust-ability</li>\r\n	<li>4 roller wheels</li>\r\n	<li>Keyless flange</li>\r\n</ul>\r\n', '<ul>\r\n	<li>Maximum Depth of Cut: 32 mm</li>\r\n	<li>No Load Speed: 9000 rpm</li>\r\n	<li>Blade Diameter: 125 mm</li>\r\n	<li>Blade Thickness: 3 mm</li>\r\n	<li>Blade Bore Size: 22.23 mm</li>\r\n	<li>Spindle Diameter: 14 mm</li>\r\n	<li>Width of Cut: 35 mm</li>\r\n	<li>Length: 44.4 cm</li>\r\n	<li>Width: 33.8 cm</li>\r\n	<li>Height: 30.2 cm</li>\r\n	<li>Weight: 10.5 kg</li>\r\n	<li>Hand/Arm Vibration: 4.7&nbsp;m/s&sup2;</li>\r\n	<li>Uncertainty K1 Vibration: 1.5 m/s&sup2;</li>\r\n	<li>Sound Pressure: 102 dB(A)</li>\r\n	<li>Sound Pressure Uncertainty: 3 dB(A)</li>\r\n	<li>Sound Power: 113 dB(A)</li>\r\n	<li>Sound Power Uncertainty: 3 dB(A)</li>\r\n</ul>\r\n', '', 'dewdcg200t2-gb_1.jpg,', '2022-03-22 16:02:45', 1),
(67, 'VIBRATION METER/DATALOGGER', 'SDL800', 40, 61, 25, 2, '<ul>\r\n	<li>Measures acceleration, velocity and displacement</li>\r\n	<li>Huge memory</li>\r\n	<li>Adjustable sampling rate</li>\r\n</ul>\r\n', '<ul>\r\n	<li>Remote vibration sensor with magnetic adapter on 47.2&Prime;(1.2m) cable</li>\r\n	<li>Wide frequency range of 10Hz to 1kHz</li>\r\n	<li>Basic accuracy of ?(5% + 2 digits); Meets ISO2954</li>\r\n	<li>RMS, Peak Value or Max Hold measurement modes</li>\r\n	<li>Adjustable data sampling rate</li>\r\n	<li>Offset adjustment used for zero function to make relative measurements</li>\r\n	<li>Large backlit LCD</li>\r\n	<li>Stores 99 readings manually and 20M readings via 2G SD card</li>\r\n	<li>Record/Recall MIN, MAX, Data Hold and Auto power off</li>\r\n	<li>Built-in PC interface</li>\r\n	<li>Complete with remote sensor, magnetic mount, 6 x AA batteries, SD card, and hard carrying case</li>\r\n</ul>\r\n', '<table>\r\n	<thead>\r\n		<tr>\r\n			<th>Specifications</th>\r\n			<th>Range</th>\r\n		</tr>\r\n	</thead>\r\n	<tbody>\r\n		<tr>\r\n			<td>Acceleration</td>\r\n			<td>656ft/s2 , 200m/s2 , 20.39g</td>\r\n		</tr>\r\n		<tr>\r\n			<td>Velocity</td>\r\n			<td>7.87in/s, 200mm/s, 19.99cm/s</td>\r\n		</tr>\r\n		<tr>\r\n			<td>Displacement</td>\r\n			<td>0.078in, 2mm (peak-to-peak)</td>\r\n		</tr>\r\n		<tr>\r\n			<td>Resolution</td>\r\n			<td>1ft/s2 , 0.1m/s2 , 0.01g; 0.01in/s, 0.1mm/s, 0.01cm/s; 0.001in, 0.001mm</td>\r\n		</tr>\r\n		<tr>\r\n			<td>Basic accuracy</td>\r\n			<td>&plusmn;(5%+2 digits)</td>\r\n		</tr>\r\n		<tr>\r\n			<td>Memory</td>\r\n			<td>20M data records using 2G SD card</td>\r\n		</tr>\r\n		<tr>\r\n			<td>Dimensions</td>\r\n			<td>7.2 x 2.9 x 1.9&Prime; (182 x 73 x 47.5mm)</td>\r\n		</tr>\r\n		<tr>\r\n			<td>Weight</td>\r\n			<td>21.1oz (599g)</td>\r\n		</tr>\r\n	</tbody>\r\n</table>\r\n', '', 'EXTECH_VIBRATION-TESTERS.png', '2022-03-22 16:41:15', 1),
(68, 'VIBRATION METER WITH FLUKE CONNECT', '805 FC', 40, 61, 26, 3, '<ul>\r\n	<li>Overall vibration measurement (10 Hz to 1;000 Hz) for acceleration; velocity and displacement units of measurement for a wide variety of machines</li>\r\n	<li>Memory holds up to 3;500 measurements</li>\r\n	<li>Features Fluke Connect</li>\r\n</ul>\r\n', '<p>KEY FEATURES</p>\r\n\r\n<p>&nbsp;</p>\r\n\r\n<ul>\r\n	<li>Reliable, repeatable, accurate device for checking bearings and overall vibration</li>\r\n	<li>Features innovative sensor design that minimizes measurement variations caused by device angle or contact pressure</li>\r\n	<li>Provides consistent data quality at both low and high frequency ranges</li>\r\n	<li>Offers four-level severity scale to assess urgency of problems and bearing condition</li>\r\n</ul>\r\n\r\n<p>&nbsp;</p>\r\n\r\n<p><strong>The reliable, repeatable, accurate way to check bearings and overall vibration</strong></p>\r\n\r\n<p>&nbsp;</p>\r\n\r\n<p>Make go or no-go maintenance decisions with confidence. The Fluke 805 FC Vibration Meter is the most reliable vibration screening device available for frontline mechanical troubleshooting teams that need repeatable, severity-scaled readings of overall vibration and bearing condition.</p>\r\n\r\n<p>&nbsp;</p>\r\n\r\n<p><strong>Other useful features:</strong></p>\r\n\r\n<ul>\r\n	<li>Allows you to export data via USB</li>\r\n	<li>Compatible with Fluke Connect&reg; Mobile App that can transmit measurements to your smartphone to be shared in real time</li>\r\n	<li>Enables you to get authorization to take next steps in an instant if machine health is at risk via Fluke Connect&trade; Share-Live&trade; video call*</li>\r\n	<li>Allows you to view trending in Microsoft&reg; Excel using pre-built templates</li>\r\n	<li>Measures overall vibration (10 Hz to 1,000 Hz) for acceleration, velocity, and displacement units of measurement for a wide variety of machines</li>\r\n	<li>Provides Crest Factor+ technology for reliable bearing assessment using direct sensor tip measurements between 4,000 Hz and 20,000 Hz</li>\r\n	<li>Compares vibration levels with ISO-10816 severity scales and stores results to the Fluke Connect Cloud</li>\r\n	<li>Features colored lighting system (green, red) and on-screen comments to indicate how much pressure needs to be applied to take measurements</li>\r\n	<li>Measures temperature with Spot IR Sensor to increase diagnostic capabilities</li>\r\n	<li>Holds and saves up to 3,500 measurements in on-board memory</li>\r\n	<li>Provides external accelerometer support for hard to reach locations</li>\r\n	<li>Features built-in flashlight for viewing measurement locations in dark areas</li>\r\n	<li>Provides large high-resolution display for easy navigation and viewing</li>\r\n</ul>\r\n', '<table>\r\n	<tbody>\r\n		<tr>\r\n			<td colspan=\"2\"><strong>Specifications</strong></td>\r\n		</tr>\r\n		<tr>\r\n			<td>Low frequency range (overall measurement)</td>\r\n			<td>10 Hz to 1,000 Hz</td>\r\n		</tr>\r\n		<tr>\r\n			<td>High frequency range (CF+ measurement)</td>\r\n			<td>4,000 Hz to 20,000 Hz</td>\r\n		</tr>\r\n		<tr>\r\n			<td>Severity levels</td>\r\n			<td>Good, satisfactory, unsatisfactory, unacceptable</td>\r\n		</tr>\r\n		<tr>\r\n			<td>Vibration limit</td>\r\n			<td>50 g peak (100 g peak-peak)</td>\r\n		</tr>\r\n		<tr>\r\n			<td>A/D converter</td>\r\n			<td>16-bit</td>\r\n		</tr>\r\n		<tr>\r\n			<td>Signal to noise ratio</td>\r\n			<td>80 dB</td>\r\n		</tr>\r\n		<tr>\r\n			<td>Sampling rate</td>\r\n			<td>Low frequency: 20,000 Hz<br />\r\n			High frequency: 80,000 Hz</td>\r\n		</tr>\r\n		<tr>\r\n			<td>Real time clock backup</td>\r\n			<td>Coin battery</td>\r\n		</tr>\r\n		<tr>\r\n			<td colspan=\"2\"><strong>Sensor</strong></td>\r\n		</tr>\r\n		<tr>\r\n			<td>Sensitivity</td>\r\n			<td>100 mV g &plusmn; 10%</td>\r\n		</tr>\r\n		<tr>\r\n			<td>Measurement range</td>\r\n			<td>0.01 g to 50 g</td>\r\n		</tr>\r\n		<tr>\r\n			<td>Low frequency range (overall measurement)</td>\r\n			<td>10 Hz to 1,000 Hz</td>\r\n		</tr>\r\n		<tr>\r\n			<td>High frequency range</td>\r\n			<td>4,000 Hz to 20,000 Hz</td>\r\n		</tr>\r\n		<tr>\r\n			<td>Resolution</td>\r\n			<td>0.01 g</td>\r\n		</tr>\r\n		<tr>\r\n			<td>Accuracy</td>\r\n			<td>At 100 Hz &plusmn; 5% of measured value</td>\r\n		</tr>\r\n		<tr>\r\n			<td colspan=\"2\"><strong>Amplitude Units</strong></td>\r\n		</tr>\r\n		<tr>\r\n			<td>Acceleration</td>\r\n			<td>g, m/sec&sup2;</td>\r\n		</tr>\r\n		<tr>\r\n			<td>Velocity</td>\r\n			<td>in/sec, mm/sec</td>\r\n		</tr>\r\n		<tr>\r\n			<td>Displacement</td>\r\n			<td>mils, mm</td>\r\n		</tr>\r\n		<tr>\r\n			<td colspan=\"2\">Infrared Thermometer (Temperature Measurement)</td>\r\n		</tr>\r\n		<tr>\r\n			<td>Range</td>\r\n			<td>-20 &deg;C to 200 &deg;C (-4 &deg;F to 392 &deg;F)</td>\r\n		</tr>\r\n		<tr>\r\n			<td>Accuracy</td>\r\n			<td>&plusmn;2 &deg;C (4 &deg;F)</td>\r\n		</tr>\r\n		<tr>\r\n			<td>Focal length</td>\r\n			<td>Fixed, at ~3.8 cm (1.5&Prime;)</td>\r\n		</tr>\r\n		<tr>\r\n			<td colspan=\"2\"><strong>External Sensor</strong></td>\r\n		</tr>\r\n		<tr>\r\n			<td colspan=\"2\">Note: Fluke supports but does not provide external sensors</td>\r\n		</tr>\r\n		<tr>\r\n			<td>Frequency range</td>\r\n			<td>10 Hz to 1,000 Hz</td>\r\n		</tr>\r\n		<tr>\r\n			<td>Bias voltage (to supply power)</td>\r\n			<td>20 V dc to 22 V dc</td>\r\n		</tr>\r\n		<tr>\r\n			<td>Bias current (to supply power)</td>\r\n			<td>Maximum 5 mA</td>\r\n		</tr>\r\n		<tr>\r\n			<td colspan=\"2\"><strong>Firmware</strong></td>\r\n		</tr>\r\n		<tr>\r\n			<td>External interfaces</td>\r\n			<td>USB 2.0 (full speed) communication</td>\r\n		</tr>\r\n		<tr>\r\n			<td>Data capacity</td>\r\n			<td>Database on internal flash memory</td>\r\n		</tr>\r\n		<tr>\r\n			<td>Upgrade</td>\r\n			<td>Through USB</td>\r\n		</tr>\r\n		<tr>\r\n			<td>Memory</td>\r\n			<td>Up to 3,500 measurements</td>\r\n		</tr>\r\n		<tr>\r\n			<td colspan=\"2\"><strong>Radiated Emission</strong></td>\r\n		</tr>\r\n		<tr>\r\n			<td>Electrostatic discharge: burst</td>\r\n			<td>Standard EN 61000-4-2</td>\r\n		</tr>\r\n		<tr>\r\n			<td>Electromagnetic interference</td>\r\n			<td>Standard EN 61000-4-3</td>\r\n		</tr>\r\n		<tr>\r\n			<td>RE</td>\r\n			<td>Standard CISPR 11, Class A</td>\r\n		</tr>\r\n		<tr>\r\n			<td colspan=\"2\"><strong>Environmental</strong></td>\r\n		</tr>\r\n		<tr>\r\n			<td>Operating temperature</td>\r\n			<td>-20 &deg;C to 50 &deg;C (-4 &deg;F to 122 &deg;F)</td>\r\n		</tr>\r\n		<tr>\r\n			<td>Storage temperature</td>\r\n			<td>-30 &deg;C to 80 &deg;C (-22 &deg;F to 176 &deg;F)</td>\r\n		</tr>\r\n		<tr>\r\n			<td>Operating humidity</td>\r\n			<td>10% to 95% RH (non-condensing)</td>\r\n		</tr>\r\n		<tr>\r\n			<td>Operating/storage altitude</td>\r\n			<td>Sea level to 3,048 meters (10,000 feet)</td>\r\n		</tr>\r\n		<tr>\r\n			<td>IP rating</td>\r\n			<td>IP54</td>\r\n		</tr>\r\n		<tr>\r\n			<td>Vibration limit</td>\r\n			<td>500g peak</td>\r\n		</tr>\r\n		<tr>\r\n			<td>Drop test</td>\r\n			<td>1 meter</td>\r\n		</tr>\r\n		<tr>\r\n			<td colspan=\"2\"><strong>General Specifications</strong></td>\r\n		</tr>\r\n		<tr>\r\n			<td>Battery type</td>\r\n			<td>AA (2) Lithium Iron Disulfide</td>\r\n		</tr>\r\n		<tr>\r\n			<td>Battery life</td>\r\n			<td>250 measurements</td>\r\n		</tr>\r\n		<tr>\r\n			<td>Size (L x W x H)</td>\r\n			<td>24.1 cm x 7.1 cm x 5.8 cm<br />\r\n			(9.5 in x 2.8 in x 2.3 in)</td>\r\n		</tr>\r\n		<tr>\r\n			<td>Weight</td>\r\n			<td>0.40 kg (0.89 lb)</td>\r\n		</tr>\r\n		<tr>\r\n			<td>Connectors</td>\r\n			<td>USB mini-B 7-pin, external sensor jack (SMB connector)</td>\r\n		</tr>\r\n	</tbody>\r\n</table>\r\n', '<ul>\r\n	<li><a href=\"https://www.aabtools.com/wp-content/uploads/Fluke_805-FC-Datasheet.pdf\" target=\"_blank\">Fluke_805 FC Datasheet</a></li>\r\n	<li><a href=\"https://www.aabtools.com/wp-content/uploads/Fluke_805-FC-User-Manual.pdf\" target=\"_blank\">Fluke_805 FC User Manual</a></li>\r\n</ul>\r\n', 'FLU_805.jpg,FLU_805-1-2.jpg,FLU_805-2-2.jpg,FLU_805-3-1.jpg,', '2022-03-22 16:47:49', 1);
INSERT INTO `sub_product` (`sub_product_id`, `sub_product_name`, `model_no`, `category_id`, `subcategory_id`, `product_id`, `brand_id`, `short_description`, `features`, `specifications`, `download_link`, `file_name`, `uploaded_on`, `flag`) VALUES
(69, 'LASER ALIGNMENT TOOL', '830/BT', 40, 61, 27, 3, '<ul>\r\n	<li>Single-laser measurement technology means reduced errors from backlash, resulting in better data accuracy</li>\r\n	<li>Intuitive guided user interface quickly and easily completes machine alignments</li>\r\n	<li>Compass measurement mode enables flexible, reliable, and repeatable measurements using an activated electronic inclinometer</li>\r\n</ul>\r\n', '<p>FLUKE 830/BT OFFERS</p>\r\n\r\n<p><strong>Features</strong></p>\r\n\r\n<ul>\r\n	<li>Single-laser measurement technology means reduced errors from backlash, resulting in better data accuracy</li>\r\n	<li>Intuitive guided user interface quickly and easily completes machine alignments</li>\r\n	<li>Compass measurement mode enables flexible, reliable, and repeatable measurements using an activated electronic inclinometer</li>\r\n	<li>Dynamic machine tolerance check provides continuous evaluation of alignment adjustments, so you know when your machine in acceptable range</li>\r\n	<li>Unique extend mode handles gross misalignment by virtually increasing laser detector size</li>\r\n	<li>Data protection ensures your data is there when you need it, with auto save and resume capability</li>\r\n</ul>\r\n\r\n<p><strong>Applications</strong></p>\r\n\r\n<ul>\r\n	<li>Precision alignment</li>\r\n	<li>Rotating shafts</li>\r\n	<li>Maintenance</li>\r\n</ul>\r\n', '<p>FLUKE 830/BT SPECIFICATIONS</p>\r\n\r\n<table>\r\n	<tbody>\r\n		<tr>\r\n			<td colspan=\"2\"><strong>Computer</strong></td>\r\n		</tr>\r\n		<tr>\r\n			<td>CPU</td>\r\n			<td>Processor: Intel XScale PXA270 running at 312 MHz<br />\r\n			Memory: 64 MB RAM, 64 MB flash</td>\r\n		</tr>\r\n		<tr>\r\n			<td>Display</td>\r\n			<td>Type: TFT, transmissive (sunlight-readable), 65,535 colors, backlit LED Integrated light sensor for automated adjustment of the brightness to the display according to the lighting conditions &ndash; extends battery life<br />\r\n			Resolution: 320 x 240 pixel; dimensions: 3.5&Prime; (89 mm) diagonal<br />\r\n			Keyboard elements: Setup, measure, diagnose, menu, clear, enter, back keys, navigation cursor cross, alphanumeric keyboard and on/off button</td>\r\n		</tr>\r\n		<tr>\r\n			<td>LED Indicators</td>\r\n			<td>Multicolor LED for laser status and alignment condition<br />\r\n			Multicolor LED for battery status</td>\r\n		</tr>\r\n		<tr>\r\n			<td>External Interface</td>\r\n			<td>USB host and USB device (slave)<br />\r\n			Integrated wireless communication, class 1, transmitting power 100 mW<br />\r\n			AC adapter/charger socket</td>\r\n		</tr>\r\n		<tr>\r\n			<td>Environmental Protection</td>\r\n			<td>IP65 (dust proof and water spray resistant), shockproof<br />\r\n			Relative humidity 10 to 90%</td>\r\n		</tr>\r\n		<tr>\r\n			<td>Temperature Range</td>\r\n			<td>Operation: 14 to 122&deg;F (-10 to 50&deg;C)<br />\r\n			Storage: -4 to 140&deg;F (-20 to 60&deg;C)</td>\r\n		</tr>\r\n		<tr>\r\n			<td>Battery</td>\r\n			<td>Type: Li-Ion polymer rechargeable battery 7.4 V/2.6 Ah (optimal)<br />\r\n			Operating time: Up to 17 hours (33% measurement, 33% computation, 33% sleep mode)</td>\r\n		</tr>\r\n		<tr>\r\n			<td>Dimensions</td>\r\n			<td>Approximately 8.7 x 6.5 x 1.8&Prime; (220 x 165 x 45 mm)</td>\r\n		</tr>\r\n		<tr>\r\n			<td>Weight</td>\r\n			<td>Approximately 1.64 lbs (742 g)</td>\r\n		</tr>\r\n		<tr>\r\n			<td colspan=\"2\"><strong>Carrying Case</strong></td>\r\n		</tr>\r\n		<tr>\r\n			<td>Dimensions</td>\r\n			<td>Approximately 22.25 x 13.5 x 5&Prime; (565 x 343 x 127 mm)</td>\r\n		</tr>\r\n		<tr>\r\n			<td>Weight</td>\r\n			<td>Approximately 12.3 lbs (5.6 kg) with all standard parts</td>\r\n		</tr>\r\n		<tr>\r\n			<td colspan=\"2\"><strong>Reflector (Prism)</strong></td>\r\n		</tr>\r\n		<tr>\r\n			<td>Type</td>\r\n			<td>90&deg; roof prism; accuracy (average): &gt;99%</td>\r\n		</tr>\r\n		<tr>\r\n			<td>Environmental Protection</td>\r\n			<td>IP67 (submersible, dust proof)</td>\r\n		</tr>\r\n		<tr>\r\n			<td>Temperature Range</td>\r\n			<td>Operation: -4 to 140&deg;F (-20 to 60&deg;C)<br />\r\n			Storage: -4 to 176&deg;F (-20 to 80&deg;C)</td>\r\n		</tr>\r\n		<tr>\r\n			<td>Dimensions</td>\r\n			<td>Approximately 4 x 1.62 x .37&Prime; (100 x 41 x 35 mm)</td>\r\n		</tr>\r\n		<tr>\r\n			<td>Weight</td>\r\n			<td>Approximately 2.3 oz (65 g)</td>\r\n		</tr>\r\n		<tr>\r\n			<td colspan=\"2\"><strong>sensALIGN 3 Sensor</strong></td>\r\n		</tr>\r\n		<tr>\r\n			<td>Measurement Principle</td>\r\n			<td>Coaxial, reflected laser beam</td>\r\n		</tr>\r\n		<tr>\r\n			<td>LED Indicators</td>\r\n			<td>1 LED for laser beam status and battery status<br />\r\n			1 LED for wireless communication</td>\r\n		</tr>\r\n		<tr>\r\n			<td>Power Supply</td>\r\n			<td>Battery: Lithium-Ion rechargeable battery 3.7 V/5 Wh<br />\r\n			Operating time: 10 hours (continuous use)<br />\r\n			Charging time: Using charger &ndash; 2.5 hrs for up to 90%; 3.5 hrs for up to 100%; Using USB port &ndash; 3 hrs for up to 90%; 4 hrs for up to 100%</td>\r\n		</tr>\r\n		<tr>\r\n			<td>Environmental Protection</td>\r\n			<td>IP65 (dust proof and water spray resistant), shockproof<br />\r\n			Relative humidity 10 to 90% (non-condensing)</td>\r\n		</tr>\r\n		<tr>\r\n			<td>Ambient Light Protection</td>\r\n			<td>Yes</td>\r\n		</tr>\r\n		<tr>\r\n			<td>Temperature Range</td>\r\n			<td>Operation: 14 to 122&deg;F (-10 to 50&deg;C)<br />\r\n			Charging: 32 to 104&deg;F (0 to 40&deg;C)<br />\r\n			Storage: -4 to 140&deg;F (-20 to 60&deg;C)</td>\r\n		</tr>\r\n		<tr>\r\n			<td>Detector</td>\r\n			<td>Measurement range: Unlimited, dynamically extendible<br />\r\n			Resolution: 1 &mu;m (0.04 mil) and angular 10 &mu;Rad<br />\r\n			Accuracy (average): &gt;98%</td>\r\n		</tr>\r\n		<tr>\r\n			<td>Inclinometer</td>\r\n			<td>Measurement range: 0 to 360&deg;<br />\r\n			Resolution: 0.1&deg;<br />\r\n			Inclinometer error (Ta = 22&deg;C): +0.3% read out</td>\r\n		</tr>\r\n		<tr>\r\n			<td>Laser</td>\r\n			<td>Type: Semiconductor laser diode<br />\r\n			Wavelength: 630 to 680 nm (red, visible)<br />\r\n			Safety class: Class 2 according to IEC 60825-1:2014<br />\r\n			The laser complies with 21 CFR 1040.10 and 1040.11 except for<br />\r\n			deviations pursuant to Laser Notice No. 50, dated June 24, 2007<br />\r\n			Beam power: &lt;1 mW; Beam divergence: 0.3 mRad</td>\r\n		</tr>\r\n		<tr>\r\n			<td>External Interface</td>\r\n			<td>Wireless communication</td>\r\n		</tr>\r\n		<tr>\r\n			<td>Transmission Distance</td>\r\n			<td>Up to 98&prime; (30 m) direct line of sight</td>\r\n		</tr>\r\n		<tr>\r\n			<td>Dimensions</td>\r\n			<td>Approximately 4.1 x 2.72 x 2.17&Prime; (105 x 69 x 55 mm)</td>\r\n		</tr>\r\n		<tr>\r\n			<td>Weight</td>\r\n			<td>Approximately 7.4 oz (210 g) with dust cap</td>\r\n		</tr>\r\n	</tbody>\r\n</table>\r\n', '<ul>\r\n	<li><a href=\"https://www.aabtools.com/wp-content/uploads/Fluke-830-Datasheet.pdf\" target=\"_blank\">Fluke 830-Datasheet</a></li>\r\n	<li><a href=\"https://www.aabtools.com/wp-content/uploads/Fluke-830-Manual.pdf\" target=\"_blank\">Fluke 830-Manual</a></li>\r\n</ul>\r\n', 'FLU_830.jpg,FLU_830-1-1.jpg,FLU_830-2-1.jpg,FLU_830-3-1.jpg,', '2022-03-22 16:51:32', 1),
(75, 'DM 430 CONCRETE CORING MACHINE, 450MM, 3.2KW', '966554101', 41, 66, 14, 17, '', '', '', '', 'Gymnasium.png,', '2022-03-23 18:11:28', 1),
(79, 'demo', '4977', 39, 50, 22, 3, '', '', '', '', 'PCE-ULM-10_1.jpg,', '2022-04-29 12:31:16', 1),
(80, 'demo', '4977', 39, 49, 31, 2, '', '', '', '', 'PCE-ULM-10_1.jpg,', '2022-04-29 12:32:14', 1),
(81, 'sub product name', '856', 100, 74, 33, 3, '', '', '', '', 'Screenshot (2).png,', '2022-09-18 11:31:31', 1),
(82, 'sub pro klake', '9865', 40, 72, 32, 7, '', '', '', '', '384-3841893_makeup-products-png-beauty-product-image-png-transparent.png,', '2022-09-18 18:43:40', 1),
(83, 'kalake 2', '200', 40, 72, 32, 7, '', '', '', '', 'photo-1523275335684-37898b6baf30.jpg,', '2022-09-18 19:04:30', 1),
(84, 'Test perpose', '9858', 100, 74, 33, 5, '', '', '', '', 'Screenshot (2).png,', '2022-10-01 16:13:28', 1),
(85, 'Last Products Show', '98658', 101, 0, 37, 23, '<p>Lorem ipsum dolor sit amet, consectetur adipiscing elit. Duis fermentum enim in feugiat tempor. Mauris a nulla pellentesque, volutpat nibh et, dictum eros. Nulla facilisi. Morbi id consequat lacus. Nam dignissim quis sapien et porta. Aenean pharetra massa in turpis placerat scelerisque. Mauris convallis justo vel odio sodales, eget tincidunt quam lobortis.</p>\r\n', '<p>Ut euismod massa justo, in pellentesque quam consequat vitae. Cras a arcu ligula. Curabitur bibendum enim ipsum, pretium ullamcorper felis porttitor quis. Sed dignissim urna consequat, rutrum mi nec, consectetur enim. In dapibus iaculis urna, sed efficitur nisl lobortis sed. Donec finibus, tortor sit amet maximus elementum, justo nulla venenatis sapien, ac vehicula purus leo vitae tortor. Aenean eros ipsum, scelerisque feugiat tempus ut, ultricies eget nibh. In in velit ut tortor convallis mattis.</p>\r\n', '<p>Ut euismod massa justo, in pellentesque quam consequat vitae. Cras a arcu ligula. Curabitur bibendum enim ipsum, pretium ullamcorper felis porttitor quis. Sed dignissim urna consequat, rutrum mi nec, consectetur enim. In dapibus iaculis urna, sed efficitur nisl lobortis sed. Donec finibus, tortor sit amet maximus elementum, justo nulla venenatis sapien, ac vehicula purus leo vitae tortor. Aenean eros ipsum, scelerisque feugiat tempus ut, ultricies eget nibh. In in velit ut tortor convallis mattis.</p>\r\n', '<p>Ut euismod massa justo, in pellentesque quam consequat vitae. Cras a arcu ligula. Curabitur bibendum enim ipsum, pretium ullamcorper felis porttitor quis. Sed dignissim urna consequat, rutrum mi nec, consectetur enim. In dapibus iaculis urna, sed efficitur nisl lobortis sed. Donec finibus, tortor sit amet maximus elementum, justo nulla venenatis sapien, ac vehicula purus leo vitae tortor. Aenean eros ipsum, scelerisque feugiat tempus ut, ultricies eget nibh. In in velit ut tortor convallis mattis.</p>\r\n', 'Screenshot (1).png,', '2022-10-01 17:39:09', 1),
(86, 'W_SUBC and Product Select', '3256', 101, 0, 0, 23, '<p>Lorem ipsum dolor sit amet, consectetur adipiscing elit. Duis fermentum enim in feugiat tempor. Mauris a nulla pellentesque, volutpat nibh et, dictum eros. Nulla facilisi. Morbi id consequat lacus. Nam dignissim quis sapien et porta. Aenean pharetra massa in turpis placerat scelerisque.</p>\r\n', '<p>Mauris convallis justo vel odio sodales, eget tincidunt quam lobortis. Ut euismod massa justo, in pellentesque quam consequat vitae. Cras a arcu ligula. Curabitur bibendum enim ipsum, pretium ullamcorper felis porttitor quis. Sed dignissim urna consequat, rutrum mi nec, consectetur enim. In dapibus iaculis urna, sed efficitur nisl lobortis sed. Donec finibus, tortor sit amet maximus elementum, justo nulla venenatis sapien, ac vehicula purus leo vitae tortor. Aenean eros ipsum, scelerisque feugiat tempus ut, ultricies eget nibh. In in velit ut tortor convallis mattis.</p>\r\n', '<p>Mauris convallis justo vel odio sodales, eget tincidunt quam lobortis. Ut euismod massa justo, in pellentesque quam consequat vitae. Cras a arcu ligula. Curabitur bibendum enim ipsum, pretium ullamcorper felis porttitor quis. Sed dignissim urna consequat, rutrum mi nec, consectetur enim. In dapibus iaculis urna, sed efficitur nisl lobortis sed. Donec finibus, tortor sit amet maximus elementum, justo nulla venenatis sapien, ac vehicula purus leo vitae tortor. Aenean eros ipsum, scelerisque feugiat tempus ut, ultricies eget nibh. In in velit ut tortor convallis mattis.</p>\r\n', '<p>Mauris convallis justo vel odio sodales, eget tincidunt quam lobortis. Ut euismod massa justo, in pellentesque quam consequat vitae. Cras a arcu ligula. Curabitur bibendum enim ipsum, pretium ullamcorper felis porttitor quis. Sed dignissim urna consequat, rutrum mi nec, consectetur enim. In dapibus iaculis urna, sed efficitur nisl lobortis sed. Donec finibus, tortor sit amet maximus elementum, justo nulla venenatis sapien, ac vehicula purus leo vitae tortor. Aenean eros ipsum, scelerisque feugiat tempus ut, ultricies eget nibh. In in velit ut tortor convallis mattis.</p>\r\n', 'images (1).jpg,', '2022-10-01 17:48:44', 1);

-- --------------------------------------------------------

--
-- Table structure for table `sub_product1`
--

CREATE TABLE `sub_product1` (
  `sub_product_id` int(11) NOT NULL,
  `sub_product_name` varchar(1000) NOT NULL,
  `model_no` varchar(200) NOT NULL,
  `category_id` int(11) NOT NULL,
  `subcategory_id` int(11) NOT NULL,
  `brand_id` int(11) NOT NULL,
  `short_description` text NOT NULL,
  `features` mediumtext DEFAULT NULL,
  `specifications` mediumtext DEFAULT NULL,
  `download_link` mediumtext DEFAULT NULL,
  `file_name` varchar(250) CHARACTER SET utf8 COLLATE utf8_unicode_ci NOT NULL,
  `uploaded_on` datetime NOT NULL
) ENGINE=InnoDB DEFAULT CHARSET=utf8mb4;

--
-- Dumping data for table `sub_product1`
--

INSERT INTO `sub_product1` (`sub_product_id`, `sub_product_name`, `model_no`, `category_id`, `subcategory_id`, `brand_id`, `short_description`, `features`, `specifications`, `download_link`, `file_name`, `uploaded_on`) VALUES
(1, 'DM 280 CONCRETE CORING MACHINE, 350MM, 2.7KW', '966554101', 39, 48, 2, '<ul>\r\n	<li>Drill with maximum pressure.</li>\r\n	<li>Durable and ergonomic design.</li>\r\n	<li>Reliable gearbox. Easy start with reduced speed.</li>\r\n</ul>\r\n', '<ul>\r\n	<li>Drill with maximum pressure.&nbsp;A LED indicator shows the load of the machine, allowing you to always drill at maximum pressure.</li>\r\n	<li>Durable and ergonomic design.&nbsp;Durable and shock-proof, designed to protect the electronics. Easy to carry and install thanks to low weight and ergonomic design.</li>\r\n	<li>Reliable gearbox.&nbsp;Water-cooled 3 speed gearbox for optimal drilling performance and longer service intervals.</li>\r\n	<li>Easy start with reduced speed.&nbsp;To facilitate making a starter hole, speed is reduced by half using the Smart Start button.</li>\r\n</ul>\r\n', '<ul>\r\n	<li><strong>Dimensions</strong></li>\r\n	<li>Water connector:&nbsp;<strong>G 1 / 4&Prime;</strong></li>\r\n	<li>Weight:&nbsp;<strong>13 kg</strong></li>\r\n	<li>Product size length:&nbsp;<strong>485 mm</strong></li>\r\n	<li>Product size width:&nbsp;<strong>142 mm</strong></li>\r\n	<li><strong>Drilling equipment</strong></li>\r\n	<li>Drill bit diameter with stand, max:&nbsp;<strong>350 mm</strong></li>\r\n	<li>Recommended drill bit diameter, min:&nbsp;<strong>50 mm</strong></li>\r\n	<li><strong>Motor</strong></li>\r\n	<li>Electronic product:&nbsp;<strong>Yes</strong></li>\r\n	<li>Frequency:&nbsp;<strong>50 Hz</strong></li>\r\n	<li>Voltage:&nbsp;<strong>220-240 V</strong></li>\r\n	<li>Rated input power:&nbsp;<strong>2.7 kW</strong></li>\r\n	<li><strong>Sound and noise</strong></li>\r\n	<li>Sound power level, guaranteed (LWA):&nbsp;<strong>113 dB(A)</strong></li>\r\n	<li>Sound power level, measured:&nbsp;<strong>112 dB(A)</strong></li>\r\n	<li>Sound pressure level at operators ear:&nbsp;<strong>98 dB(A)</strong></li>\r\n	<li><strong>Specifications</strong></li>\r\n	<li>Water pressure, max:&nbsp;<strong>8 bar</strong></li>\r\n	<li>Spindle thread, outer:&nbsp;<strong>1 1/4&Prime; 7 UNC</strong></li>\r\n	<li><strong>Transmission</strong></li>\r\n	<li>Number of gearbox speeds:&nbsp;<strong>3</strong></li>\r\n</ul>\r\n', '<p><a href=\"https://www.aabtools.com/wp-content/uploads/Husqvarna_966554101_-Manual_DM-280-Drill-motors.pdf\" target=\"_blank\">Husqvarna_966554101_ Manual_DM 280 Drill motors</a></p>\r\n', 'Husqvarna_966554101_-DM-280-Drill-motors-1.jpg,husqvarna-core-drill-machine-966554101-180x180.jpg,', '2022-03-22 10:55:07'),
(2, 'DS 250 CORE DRILL STANDS 250 MM', '966827301', 39, 48, 2, '<ul>\r\n	<li>Straight and accurate drilling.</li>\r\n	<li>Optimum cranking speed.</li>\r\n	<li>Angle drilling.</li>\r\n</ul>\r\n', '<ul>\r\n	<li>Straight and accurate drilling.&nbsp;The carriage has guide rollers which helps drill straight holes.</li>\r\n	<li>Optimum cranking speed.&nbsp;Carriage with single and double gearing for efficient drilling.</li>\r\n	<li>Angle drilling.&nbsp;The unit can be set for drilling at different angles.</li>\r\n	<li>Vertical drilling.&nbsp;Drilling upwards and downwards.</li>\r\n</ul>\r\n', '<ul>\r\n	<li><strong>Drilling equipment</strong></li>\r\n	<li>Drill bit diameter, max:&nbsp;<strong>250 mm</strong></li>\r\n	<li>Drill bit length with recommended drill motor, max:&nbsp;<strong>584/700 mm</strong></li>\r\n	<li><strong>Specifications</strong></li>\r\n	<li>Column&rsquo;s angling:&nbsp;<strong>0-60&ordm;</strong></li>\r\n	<li><strong>Dimensions</strong></li>\r\n	<li>Travel length, max:&nbsp;<strong>685 mm</strong></li>\r\n	<li>Product size length:&nbsp;<strong>409 mm</strong></li>\r\n	<li>Product size width:&nbsp;<strong>266 mm</strong></li>\r\n	<li>Product size height:<strong>1045 mm</strong></li>\r\n	<li>Weight:&nbsp;<strong>16 kg</strong></li>\r\n</ul>\r\n', '<p><a href=\"https://www.aabtools.com/wp-content/uploads/Husqvarna_966827301_Manual_DS-250-Drill-stands.pdf\" target=\"_blank\">Husqvarna_966827301_Manual_DS 250 Drill stands</a></p>\r\n', 'Husqvarna_966827301_DS-250-Drill-stands-1.jpeg,Husqvarna_966827301_DS-250-Drill-stands-180x180.jpg,', '2022-03-22 10:57:08'),
(3, 'DS 250 CORE DRILL STANDS 250 MM', '966827301', 39, 48, 2, '<ul>\r\n	<li>Straight and accurate drilling.</li>\r\n	<li>Optimum cranking speed.</li>\r\n	<li>Angle drilling.</li>\r\n</ul>\r\n', '<ul>\r\n	<li>Straight and accurate drilling.&nbsp;The carriage has guide rollers which helps drill straight holes.</li>\r\n	<li>Optimum cranking speed.&nbsp;Carriage with single and double gearing for efficient drilling.</li>\r\n	<li>Angle drilling.&nbsp;The unit can be set for drilling at different angles.</li>\r\n	<li>Vertical drilling.&nbsp;Drilling upwards and downwards.</li>\r\n</ul>\r\n', '<ul>\r\n	<li><strong>Drilling equipment</strong></li>\r\n	<li>Drill bit diameter, max:&nbsp;<strong>250 mm</strong></li>\r\n	<li>Drill bit length with recommended drill motor, max:&nbsp;<strong>584/700 mm</strong></li>\r\n	<li><strong>Specifications</strong></li>\r\n	<li>Column&rsquo;s angling:&nbsp;<strong>0-60&ordm;</strong></li>\r\n	<li><strong>Dimensions</strong></li>\r\n	<li>Travel length, max:&nbsp;<strong>685 mm</strong></li>\r\n	<li>Product size length:&nbsp;<strong>409 mm</strong></li>\r\n	<li>Product size width:&nbsp;<strong>266 mm</strong></li>\r\n	<li>Product size height:<strong>1045 mm</strong></li>\r\n	<li>Weight:&nbsp;<strong>16 kg</strong></li>\r\n</ul>\r\n', '<p><a href=\"https://www.aabtools.com/wp-content/uploads/Husqvarna_966827301_Manual_DS-250-Drill-stands.pdf\" target=\"_blank\">Husqvarna_966827301_Manual_DS 250 Drill stands</a></p>\r\n', 'Husqvarna_966827301_DS-250-Drill-stands-1.jpeg,Husqvarna_966827301_DS-250-Drill-stands-180x180.jpg,', '2022-03-22 10:57:27'),
(4, 'DM 430 CONCRETE CORING MACHINE, 450MM, 3.2KW', '970445607', 39, 48, 2, '<ul>\r\n	<li>Sturdy and durable</li>\r\n	<li>Ergonomic</li>\r\n	<li>Optimized RPMs</li>\r\n	<li>Embedded Connectivity</li>\r\n	<li>Reliable gearbox</li>\r\n</ul>\r\n', '<ul>\r\n	<li>Equipped with an aluminum housing and the protective carrying handle ensures rough handling.</li>\r\n	<li>Equipped with a carrying handle for easy transport and handling.</li>\r\n	<li>Optimized RPMs. Enables high drilling performance.</li>\r\n	<li>An enhanced version of Husqvarna Fleet Services&trade;. Enables data analytics and insights into the health of the machine.</li>\r\n	<li>The LED indicator shows the load of the machine, allowing the operator to always drill at maximum pressure, for best performance.</li>\r\n	<li>To facilitate making a starter hole, speed is reduced by half using the Smart Start&reg; button.</li>\r\n	<li>The machine uses pulsation to warn you of an approaching overload. This increases productivity and extends product life.</li>\r\n	<li>3-speed gearbox for optimal drilling performance and longer service intervals.</li>\r\n</ul>\r\n', '<ul>\r\n	<li>Power Source: Electric</li>\r\n	<li>Power Voltage: 230V</li>\r\n	<li>Frequency: 50-60 Hz</li>\r\n	<li>Output Power: 3.2 kW</li>\r\n	<li>Drill bit Diameter: 100 mm</li>\r\n	<li>Drill bit Length: 450 mm</li>\r\n	<li>Max. Water Pressure: 3 Bar</li>\r\n	<li>Spindle Thread: 11 4/7&Prime; UNC</li>\r\n	<li>No. of Gearbox Speeds: 3</li>\r\n	<li>Sound Power Level: 110 dB(A)</li>\r\n	<li>Sound Pressure Level: 92 dB(A)</li>\r\n	<li>Weight: 15.5 kg</li>\r\n	<li>Water connector: G 1 / 4&Prime;</li>\r\n</ul>\r\n', '<p><a href=\"https://www.aabtools.com/wp-content/uploads/Husqvarna_DM-430_Drill-Motor_970445607_Manual.pdf\" target=\"_blank\">Husqvarna_DM 430_Drill Motor_970445607_Manual</a></p>\r\n', 'Untitled-1-180x180.jpg,', '2022-03-22 10:58:59'),
(5, 'DM 220 CONCRETE CORING MACHINE, 150 MM, 1.85KW', '966563501', 39, 48, 3, '<ul>\r\n	<li>360&deg; adjustable front handle</li>\r\n	<li>Guidance for exact drilling</li>\r\n	<li>Overload protection</li>\r\n	<li>Durable and ergonomic design</li>\r\n</ul>\r\n', '<ul>\r\n	<li>360&deg; adjustable front handle for best ergonomic position</li>\r\n	<li>An electronic positioning system shows when the machine is in a vertical, horizontal or preferred angled position.</li>\r\n	<li>The machine uses pulsation to warn you of an approaching overload and motor will eventually shut off, to prevent overheating.</li>\r\n	<li>Durable and shock-proof, designed to protect the electronics. Easy to carry and install thanks to low weight and ergonomic design.</li>\r\n	<li>Easy to switch between dry and wet drilling</li>\r\n	<li>Shows when the machine is in a vertical, horizontal or preferred angled position. This provides efficient drilling.</li>\r\n	<li>Drilling holes in stepless adjustable angles.</li>\r\n</ul>\r\n\r\n<h3>RELATED PRODUCTS</h3>\r\n', '<ul>\r\n	<li>Power Source: Electric</li>\r\n	<li>Power Voltage: 230V</li>\r\n	<li>Frequency: 50 Hz</li>\r\n	<li>Output Power: 1.85 kW</li>\r\n	<li>Drill bit diameter with stand, max: 150 mm</li>\r\n	<li>Drill bit diameter handheld, max: 80 mm</li>\r\n	<li>Water pressure, max: 8 Bar</li>\r\n	<li>Spindle Thread, outer: 11 4/7&Prime; UNC</li>\r\n	<li>No. of Gearbox Speeds: 3</li>\r\n	<li>Sound power level, guaranteed (LWA): 108 dB(A)</li>\r\n	<li>Sound power level, measured: 107 dB(A)</li>\r\n	<li>Sound pressure level at operators ear: 93 dB(A)</li>\r\n	<li>Weight: 7 kg</li>\r\n	<li>Water connector: G 1 / 4&Prime;</li>\r\n	<li>Product size length: 560 mm</li>\r\n	<li>Product size width: 105 mm</li>\r\n	<li>Spindle thread, inner: G 1/2&Prime;</li>\r\n</ul>\r\n', '<p><a href=\"https://www.aabtools.com/wp-content/uploads/Husqvarana-966563501-DM220-Coring-Machine.pdf\" target=\"_blank\">Husqvarana-966563501-DM220-Coring Machine</a></p>\r\n', 'Husqvarana-966563501-DM220-Coring-Machine-180x180.png,', '2022-03-22 11:00:50'),
(6, 'CORE DRILL STAND, 500 MM, 90 TILT, DS 500', '967968601', 39, 48, 2, '<ul>\r\n	<li>Durable and sturdy</li>\r\n	<li>Precision and performance</li>\r\n	<li>High stability and low weight</li>\r\n	<li>Easy to install and operate</li>\r\n</ul>\r\n', '<ul>\r\n	<li>The DS 500 is a medium-sized drill stand suitable for a wide range of professional core drilling operations.</li>\r\n	<li>It combines high stability, strength, and is surprisingly lightweight.</li>\r\n	<li>Quick connection features and low weight make handling easy and efficient.</li>\r\n	<li>The slim car with optimal transmission performs exceptionally well with the Husqvarna DM 280, DM 340 and similar high-performance single-phase drill motors.</li>\r\n	<li>Recommended equipment: DM 340, DM 400, DM 280 drilling motor</li>\r\n</ul>\r\n', '<ul>\r\n	<li>Drill Bit Diameter: 500 mm</li>\r\n	<li>Drill Bit Length: 680 mm</li>\r\n	<li>Max. Travel Length: 706 mm</li>\r\n	<li>Column Angle: 90&ordm;</li>\r\n	<li>Weight: 17.6 kg</li>\r\n	<li>Dimensions: 394 x 240 x 1050 mm</li>\r\n</ul>\r\n', '<p><a href=\"https://www.aabtools.com/wp-content/uploads/Husqvarna-DRILL-STAND-DS-500-967-96-86-01.pdf\" target=\"_blank\">Husqvarna DRILL STAND DS 500 &ndash; 967 96 86-01</a></p>\r\n', 'Husqvarna_966827301_DS-250-Drill-stands-180x180.jpg,', '2022-03-22 11:02:33'),
(7, '14-LITER, CONSTANT PRESSURE WATER TANK, 3-METER HOSE, WT2GO', '598742401', 39, 48, 2, '<ul>\r\n	<li>A compact and easy-to-use 14-liter constant pressure water tank.</li>\r\n	<li>Ideal for concrete cutting, core drilling, and grinding concrete.</li>\r\n	<li>Provides constant water flow without the use of a pump, battery, or electronics.</li>\r\n</ul>\r\n', '<ul>\r\n	<li>A compact and easy-to-use 14-liter constant pressure water tank. Ideal for concrete cutting, core drilling, and grinding concrete.</li>\r\n	<li>Provides constant water flow without the use of a pump, battery, or electronics.</li>\r\n	<li>It is designed and engineered to simplify the process of supplying water in situations where regular hosing is difficult.</li>\r\n	<li>The WT2GO includes a multi-function nozzle, an on/off valve, 3 meters of reinforced hose, all mounted on a compact two-chamber frame design</li>\r\n	<li>Fits To &mdash; K 970, K 2500, DM 220, DM 230, DM 280, DMS 240, K 6500, K 770, K 535i, K 4000, K 4000 Cut-n-Break, DM 400, K 1270, K 7000, DM 430, DM 200, DM 540i, K 7000 SmartGuard, K 1270 SmartGuard</li>\r\n</ul>\r\n', '<ul>\r\n	<li>Min. Water Pressure: 0.5 bar</li>\r\n	<li>Max. Water Pressure: 0.7 bar</li>\r\n	<li>Pressure Output: 10 Psi</li>\r\n	<li>Hose Length: 3 meters</li>\r\n	<li>Weight: 6 kg</li>\r\n	<li>Dimensions: 144 x 325 x 800 mm</li>\r\n</ul>\r\n', '<p><a href=\"https://www.aabtools.com/wp-content/uploads/Husqvarna_WT2GO_Water-Tank_598742401_Manual.pdf\" target=\"_blank\">Husqvarna_WT2GO_Water Tank_598742401_Manual</a></p>\r\n', 'husqvarna-pressure-water-tank-14-liter-598742401-180x180.jpg,', '2022-03-22 11:03:59'),
(10, '350 MM, POWER CUTTER, 2-STROKE ENGINE, 3.7 KW, K 770', '967682101', 39, 48, 2, '<ul>\r\n	<li>Easy and optimal belt tensioning.</li>\r\n	<li>Light and powerful.</li>\r\n	<li>Heavy-duty cutting arm.</li>\r\n	<li>Long service intervals.</li>\r\n</ul>\r\n', '<ul>\r\n	<li>The semi-automatic SmartTension minimizes the risk of under- and over tensioning</li>\r\n	<li>A light, compact and powerful machine with a superior power-to-weight ratio.</li>\r\n	<li>The new-designed cast magnesium crankcase has a three-bolt joint to attach the cutting head, enabling higher torsional rigidity than the previous two-bolt solution.</li>\r\n	<li>A strong Poly-V belt combined with our maintenance-free starter DuraStarter&trade; and efficient filter-system Active Air Filtration&trade; ensures long service intervals.</li>\r\n	<li>Provides a powerful spark with optimized timing, enabling easy start and efficient combustion.</li>\r\n</ul>\r\n', '<ul>\r\n	<li>Power Source: Gasoline</li>\r\n	<li>Tank Capacity: 1 Liter</li>\r\n	<li>No. of Engine Stroke: 2</li>\r\n	<li>Output Power: 3.7 kW</li>\r\n	<li>Cylinders: 1</li>\r\n	<li>Blade Diameter: 350 mm</li>\r\n	<li>Arbor Diameter: 25.4 mm</li>\r\n	<li>Max. Cutting Depth: 125 mm</li>\r\n	<li>Max. Blade Thickness: 5 mm</li>\r\n	<li>Max. Peripheral Speed: 90 m/s</li>\r\n	<li>Sound Power Level: 115 dB(A)</li>\r\n	<li>Sound Pressure Level: 101 dB(A)</li>\r\n	<li>Vibrations left/front Handle: 2.0 m/s&sup2;</li>\r\n	<li>Vibrations right/rear Handle: 2.3 m/s&sup2;</li>\r\n	<li>Weight: 10.1 kg</li>\r\n	<li>Dimensions: 605 x 225 x 415 mm</li>\r\n</ul>\r\n', '<p><a href=\"https://www.aabtools.com/wp-content/uploads/Husqvarna_967682101_Manual_K-770-Power-Cutters.pdf\" target=\"_blank\">Husqvarna_967682101_Manual_K 770 Power Cutters</a></p>\r\n', 'Husqvarna_967682101_-K-770-Power-Cutters.jpg,', '2022-03-22 11:41:09'),
(11, 'K 4000 POWER CUTTERS 350MM', '967079801', 39, 48, 3, '<ul>\r\n	<li>Constant-flow water valve.</li>\r\n	<li>Ergonomically designed rear handle.</li>\r\n	<li>Increased productivity.</li>\r\n</ul>\r\n', '<ul>\r\n	<li>Constant-flow water valve.&nbsp;The integrated regulator controls the water volume, ensuring a constant flow to the blade. It also ensures the amount of water is sufficient to bind the dust without creating an excess of water.</li>\r\n	<li>Ergonomically designed rear handle.&nbsp;Power cord inlet located underneath the handle enables ease of use and comfortable handling with hassle free operation.</li>\r\n	<li>Increased productivity.&nbsp;The new pop-up carbon brushes protects the collector from unforeseen rotor changes which increases reliability and enables longer service intervals.</li>\r\n	<li>Easy serviceability.&nbsp;The one-piece inspection lid and Torx screws make it easy to assemble and service.</li>\r\n</ul>\r\n\r\n<h3>&nbsp;</h3>\r\n', '<ul>\r\n	<li>Engine</li>\r\n	<li>Max engine/motor RPM: 19350 rpm</li>\r\n	<li>Output shaft RPM, max: 3600 rpm</li>\r\n	<li>Voltage: 220-240 V</li>\r\n	<li>Rated current: 12 A</li>\r\n	<li>Engine cooling: Fan/Air</li>\r\n	<li>Equipment</li>\r\n	<li>Arbor diameter: 25,4 mm</li>\r\n	<li>Blade diameter, max: 350 mm</li>\r\n	<li>Cutting depth, max: 125 mm</li>\r\n	<li>Peripheral speed, max: 100 m/s</li>\r\n	<li>Sound and Noise</li>\r\n	<li>Sound pressure level at operators ear: 95 dB(A)</li>\r\n	<li>Sound power level, guaranteed (LWA): 105 dB(A)</li>\r\n</ul>\r\n', '', 'Husqvarna_967079801_K-4000-Power-Cutters.jpg,Husqvarna_967079801_K-4000-Power-Cutters-1.png,', '2022-03-22 11:44:31'),
(12, '370 MM, POWER CUTTER, 2-STROKE ENGINE, 4.8 KW, K 970 RING', '967272301', 39, 48, 4, '<ul>\r\n	<li>Deep cutting</li>\r\n	<li>Sturdy and reliable</li>\r\n	<li>High power with less fuel</li>\r\n	<li>Light and powerful</li>\r\n	<li>Anti-vibration system</li>\r\n</ul>\r\n', '<ul>\r\n	<li>Irregular deep cutting.</li>\r\n	<li>Less sensitive to outer conditions and fuel variations, thanks to the cylinder design and muffler with integrated heat deflector.</li>\r\n	<li>A strong Poly-V belt combined with our maintenance-free starter DuraStarter&trade; and efficient filter-system Active Air Filtration&trade; ensures long service intervals.</li>\r\n	<li>A light, compact and powerful machine with a superior power-to-weight ratio.</li>\r\n	<li>The unique design of the carburetor, cylinder, and digital ignition system, together with the air purge and decompression valve ensure an easy start.</li>\r\n</ul>\r\n', '<ul>\r\n	<li>Power Source: Gasoline</li>\r\n	<li>Tank Capacity: 1 Liter</li>\r\n	<li>No. of Engine Stroke: 2</li>\r\n	<li>Output Power: 4.8 kW</li>\r\n	<li>Cylinders: 1</li>\r\n	<li>Blade Diameter: 370 mm</li>\r\n	<li>Max. Cutting Depth: 270 mm</li>\r\n	<li>Max. Blade Thickness: 5.6 mm</li>\r\n	<li>Max. Peripheral Speed: 55 m/s</li>\r\n	<li>Sound Power Level: 115 dB(A)</li>\r\n	<li>Sound Pressure Level: 104 dB(A)</li>\r\n	<li>Vibrations left/front Handle: 2.7 m/s&sup2;</li>\r\n	<li>Vibrations right/rear Handle: 3.4 m/s&sup2;</li>\r\n	<li>Weight: 13.8 kg</li>\r\n	<li>Dimensions: 785 x 224 x 431 mm</li>\r\n</ul>\r\n', '<p><a href=\"https://www.aabtools.com/wp-content/uploads/Husqvarna_K-970-Ring_Power-Cutters_967272301_Manual.pdf\" target=\"_blank\">Husqvarna_K 970 Ring_Power Cutters_967272301_Manual</a></p>\r\n', 'Husqvarna_K-970-Ring_967272301_Power-Cutters.png,', '2022-03-22 11:46:20'),
(13, '230 MM, POWER CUTTER, 2.7 KW, 220V, K 4000 CUT-N-BREAK', '967079701', 39, 48, 4, '<ul>\r\n	<li>Cost-efficient cutting method</li>\r\n	<li>Exceptional cutting depth</li>\r\n	<li>Perfect for flush cutting</li>\r\n	<li>Ergonomically designed rear handle</li>\r\n</ul>\r\n', '<ul>\r\n	<li>With the unique cut-n-break method you can work your way through the material step-by-step at a low tool cost.</li>\r\n	<li>The long body and double cutting blades allow you to make cuts up to 400 mm deep.</li>\r\n	<li>The adjustable blade guard allows close cutting to walls and floors.</li>\r\n	<li>The power cord inlet located underneath the handle enables ease of use and comfortable handling with hassle-free operation.</li>\r\n	<li>The new pop-up carbon brushes protect the collector from unforeseen rotor changes which increases reliability and enables longer service intervals.</li>\r\n</ul>\r\n', '<ul>\r\n	<li>Power Source: Electric</li>\r\n	<li>Rated Input Power: 2.7 kW</li>\r\n	<li>Voltage: 220-230 V</li>\r\n	<li>Frequency: 50-60 Hz</li>\r\n	<li>Blade Diameter: 230 mm</li>\r\n	<li>Max. Cutting Depth: 400 mm</li>\r\n	<li>Max. Blade Thickness: 2.5 mm</li>\r\n	<li>Max. Peripheral Speed: 60 m/s</li>\r\n	<li>Sound Power Level: 109 dB(A)</li>\r\n	<li>Sound Pressure Level: 95 dB(A)</li>\r\n	<li>Vibrations left/front Handle: 3.2 m/s&sup2;</li>\r\n	<li>Vibrations right/rear Handle: 3.4 m/s&sup2;</li>\r\n	<li>Weight: 8.4 kg</li>\r\n	<li>Dimensions: 867 x 226 x 325 mm</li>\r\n</ul>\r\n', '<p><a href=\"https://www.aabtools.com/wp-content/uploads/Husqvarna_K-4000-CutnBreak_Power-Cutters_967079701_Manual.pdf\" target=\"_blank\">Husqvarna_K 4000 CutnBreak_Power Cutters_967079701_Manual</a></p>\r\n', 'Husqvarna_K-4000-CutnBreak_967079701_Power-Cutters.png,', '2022-03-22 11:47:54'),
(14, '350 MM, POWER CUTTER, 2-STROKE ENGINE, 4.8 KW, K 970', '967348001', 39, 48, 3, '<ul>\r\n	<li>Easy and optimal belt tensioning</li>\r\n	<li>Sturdy and reliable</li>\r\n	<li>Long service intervals</li>\r\n	<li>Less slurry and low water consumption</li>\r\n	<li>High power with less fuel</li>\r\n</ul>\r\n', '<ul>\r\n	<li>The semi-automatic SmartTension minimizes the risk of under- and over-tensioning.</li>\r\n	<li>Less sensitive to outer conditions and fuel variations, thanks to the cylinder design and muffler with integrated heat deflector.</li>\r\n	<li>The unique design of the carburetor, cylinder, and digital ignition system, together with the air purge and decompression valve ensure an easy start.</li>\r\n	<li>A strong Poly-V belt combined with our maintenance-free starter DuraStarter&trade; and efficient filter-system Active Air Filtration&trade; ensures long service intervals.</li>\r\n	<li>Excellent dust control with our wet cutting kit. A progressive water valve for exact adjustment of the water volume to efficiently bind the dust and reduce slurry.</li>\r\n</ul>\r\n', '<ul>\r\n	<li>Power Source: Gasoline</li>\r\n	<li>Tank Capacity: 1 Liter</li>\r\n	<li>No. of Engine Stroke: 2</li>\r\n	<li>Output Power: 4.8 kW</li>\r\n	<li>Cylinders: 1</li>\r\n	<li>Blade Diameter: 400 mm</li>\r\n	<li>Arbor Diameter: 25.4 mm</li>\r\n	<li>Max. Cutting Depth: 155 mm</li>\r\n	<li>Max. Blade Thickness: 5 mm</li>\r\n	<li>Max. Peripheral Speed: 90 m/s</li>\r\n	<li>Sound Power Level: 115 dB(A)</li>\r\n	<li>Sound Pressure Level: 104 dB(A)</li>\r\n	<li>Vibrations left/front Handle: 3.5 m/s&sup2;</li>\r\n	<li>Vibrations right/rear Handle: 4 m/s&sup2;</li>\r\n	<li>Weight: 11.6 kg</li>\r\n	<li>Dimensions: 688 x 214 x 481 mm</li>\r\n</ul>\r\n', '<p><a href=\"https://www.aabtools.com/wp-content/uploads/Husqvarna_K-970_Power-Cutters_967348001_Manual-1.pdf\" target=\"_blank\">Husqvarna_K 970 Rescue_Power Cutters_967635601_Manual</a></p>\r\n', 'Husqvarna_K-970_967348001_Power-Cutters.png,', '2022-03-22 11:50:52'),
(15, '400 MM, POWER CUTTER, 2-STROKE ENGINE, 4.8 KW, K 970', '967348101', 39, 48, 2, '<ul>\r\n	<li>Easy and optimal belt tensioning</li>\r\n	<li>Sturdy and reliable</li>\r\n	<li>Long service intervals</li>\r\n	<li>Less slurry and low water consumption</li>\r\n	<li>High power with less fuel</li>\r\n</ul>\r\n', '<ul>\r\n	<li>The semi-automatic SmartTension minimizes the risk of under- and over-tensioning.</li>\r\n	<li>Less sensitive to outer conditions and fuel variations, thanks to the cylinder design and muffler with integrated heat deflector.</li>\r\n	<li>The unique design of the carburetor, cylinder, and digital ignition system, together with the air purge and decompression valve ensure an easy start.</li>\r\n	<li>A strong Poly-V belt combined with our maintenance-free starter DuraStarter&trade; and efficient filter-system Active Air Filtration&trade; ensures long service intervals.</li>\r\n	<li>Excellent dust control with our wet cutting kit. A progressive water valve for exact adjustment of the water volume to efficiently bind the dust and reduce slurry.</li>\r\n</ul>\r\n', '<ul>\r\n	<li>Power Source: Gasoline</li>\r\n	<li>Tank Capacity: 1 Liter</li>\r\n	<li>No. of Engine Stroke: 2</li>\r\n	<li>Output Power: 4.8 kW</li>\r\n	<li>Cylinders: 1</li>\r\n	<li>Blade Diameter: 400 mm</li>\r\n	<li>Arbor Diameter: 25.4 mm</li>\r\n	<li>Max. Cutting Depth: 155 mm</li>\r\n	<li>Max. Blade Thickness: 5 mm</li>\r\n	<li>Max. Peripheral Speed: 90 m/s</li>\r\n	<li>Sound Power Level: 115 dB(A)</li>\r\n	<li>Sound Pressure Level: 104 dB(A)</li>\r\n	<li>Vibrations left/front Handle: 3.5 m/s&sup2;</li>\r\n	<li>Vibrations right/rear Handle: 4 m/s&sup2;</li>\r\n	<li>Weight: 11.6 kg</li>\r\n	<li>Dimensions: 688 x 214 x 481 mm</li>\r\n</ul>\r\n', '<p><a href=\"https://www.aabtools.com/wp-content/uploads/Husqvarna_K-970_Power-Cutters_967348001_Manual-1.pdf\" target=\"_blank\">Husqvarna_K 970 Rescue_Power Cutters_967635601_Manual</a></p>\r\n', 'Husqvarna_967682101_-K-770-Power-Cutters.jpg,', '2022-03-22 11:53:53'),
(16, '350 MM, POWER CUTTER, 2-STROKE ENGINE, 4.8 KW, K 970 RESCUE', '967635601', 39, 48, 3, '<ul>\r\n	<li>Easy and optimal belt tensioning</li>\r\n	<li>Magnesium blade guard</li>\r\n	<li>Adjustable carry strap</li>\r\n	<li>Specially designed starter handle</li>\r\n</ul>\r\n', '<ul>\r\n	<li>The semi-automatic SmartTension minimizes the risk of under- and over-tensioning.</li>\r\n	<li>It has a magnesium blade guard with decreased weight and reflective decals for high visibility in smoke and water spray, which enhances control of the cutter.</li>\r\n	<li>Enhanced carrying strap and larger carabines for heavy-duty jobs. Allows you to run, walk and climb smoothly with the machine in urgent situations.</li>\r\n	<li>Specially designed starter handle, with room for heavy gloves.</li>\r\n	<li>Sturdy and reliable, it is less sensitive to outer conditions and fuel variations, thanks to the cylinder design and muffler with an integrated heat deflector.</li>\r\n</ul>\r\n', '<ul>\r\n	<li>Power Source: Gasoline</li>\r\n	<li>Tank Capacity: 1 Liter</li>\r\n	<li>No. of Engine Stroke: 2</li>\r\n	<li>Output Power: 4.8 kW</li>\r\n	<li>Cylinders: 1</li>\r\n	<li>Blade Diameter: 350 mm</li>\r\n	<li>Arbor Diameter: 25.4 mm</li>\r\n	<li>Max. Cutting Depth: 125 mm</li>\r\n	<li>Max. Blade Thickness: 5 mm</li>\r\n	<li>Max. Peripheral Speed: 90 m/s</li>\r\n	<li>Sound Power Level: 115 dB(A)</li>\r\n	<li>Sound Pressure Level: 104 dB(A)</li>\r\n	<li>Vibrations left/front Handle: 3.8 m/s&sup2;</li>\r\n	<li>Vibrations right/rear Handle: 4.2 m/s&sup2;</li>\r\n	<li>Weight: 11 kg</li>\r\n	<li>Dimensions: 965 x 214 x 444 mm</li>\r\n</ul>\r\n', '<p><a href=\"https://www.aabtools.com/wp-content/uploads/Husqvarna_K-970_Power-Cutters_967348001_Manual-1.pdf\" target=\"_blank\">Husqvarna_K 970 Rescue_Power Cutters_967635601_Manual</a></p>\r\n', 'Husqvarna_K-970-Rescue_967635601_Power-Cutters.png,', '2022-03-22 11:55:15'),
(17, '500 MM, FLOOR SAW, 4-STROKE ENGINE, 6.8 KW, FS 410 D', '965150116', 39, 48, 3, '<ul>\r\n	<li>Low vibrations</li>\r\n	<li>Low maintenance</li>\r\n	<li>Easy to adjust the blade</li>\r\n	<li>Easy to transport</li>\r\n	<li>Adjustable handles</li>\r\n</ul>\r\n', '<ul>\r\n	<li>Our highly versatile FS 410 D is a compact diesel push floor saw developed with a clear focus on your comfort.</li>\r\n	<li>Ideal for small to mid-sized service and repair jobs in asphalt and concrete. Cuts up to 189 mm deep.</li>\r\n	<li>Engine and blade shaft mounting system increases comfort and gives an excellent cutting performance.</li>\r\n	<li>The IntelliSeal blade shaft system allows for a minimum of 250 maintenance-free hours without daily greasing of bearings.</li>\r\n	<li>Spring-assisted screw feed facilitates blade adjustment in and out of the cut.</li>\r\n	<li>Easy to transport, compact saw that is easy to lift.</li>\r\n	<li>Adjustable handles provide a closer and more comfortable position to the cutting side for easier alignment and straighter cuts. The handle can also be folded for transport</li>\r\n</ul>\r\n', '<ul>\r\n	<li>Power Source: Gasoline</li>\r\n	<li>Tank Capacity: 5.4 Liter</li>\r\n	<li>No. of Engine Stroke: 4</li>\r\n	<li>Output Power: 6.8 kW</li>\r\n	<li>Cylinders: 1 Engine</li>\r\n	<li>Cooling: Air</li>\r\n	<li>Blade Diameter: 500 mm</li>\r\n	<li>Max. Cutting Depth: 189 mm</li>\r\n	<li>Arbor Diameter: 25.4 mm</li>\r\n	<li>Sound Power Level: 108 dB(A)</li>\r\n	<li>Sound Pressure Level: 91 dB(A)</li>\r\n	<li>Vibrations left/front Handle: 4.2 m/s&sup2;</li>\r\n	<li>Vibrations right/rear Handle: 4.4 m/s&sup2;</li>\r\n	<li>Weight: 165 kg</li>\r\n	<li>Dimensions: 1557 x 638 x 1084 mm</li>\r\n</ul>\r\n', '<p><a href=\"https://www.aabtools.com/wp-content/uploads/Husqvarna_FS-410-D_Floor-Saw_965150116_Manual.pdf\" target=\"_blank\">Husqvarna_FS 410 D_Floor Saw_965150116_Manual</a></p>\r\n', 'Husqvarna_FS-410-D_965150116-180x180.png,', '2022-03-22 12:02:51'),
(18, '600 MM, FLOOR SAW, 4-STROKE ENGINE, 15.5 KW, FS 524', '967046102', 39, 48, 2, '<ul>\r\n	<li>Self-contained drive system</li>\r\n	<li>Optimal power transmission to the blade</li>\r\n	<li>Low maintenance</li>\r\n	<li>Easy to adjust the blade</li>\r\n</ul>\r\n', '<ul>\r\n	<li>Our convenient FS 524 is a powerful, yet compact, self-propelled petrol floor saw ideal for asphalt and concrete cutting.</li>\r\n	<li>Suitable for small to medium-sized service and repair jobs, up to 241 mm cutting depth.</li>\r\n	<li>The optimal power transmission makes it ideal for more demanding jobs, despite its compact size. User-friendly and developed with a clear focus on your comfort.</li>\r\n	<li>Self-propelled for easy operation and comfort.</li>\r\n	<li>Low vibrations engine and blade shaft mounting system increases comfort and gives an excellent cutting performance.</li>\r\n	<li>Self-contained differential drive system eliminating drive gear from rear wheels and related wear. It is simple to handle and maintain.</li>\r\n	<li>Enhanced belt tensioning system gives constant tension without the need for re-tensioning, ensuring optimal performance and increased belt life.</li>\r\n	<li>The IntelliSeal blade shaft system allows for a minimum of 250 maintenance-free hours without daily greasing of bearings.</li>\r\n</ul>\r\n', '<ul>\r\n	<li>Power Source: Gasoline</li>\r\n	<li>Tank Capacity: 8.3 Liter</li>\r\n	<li>No. of Engine Stroke: 4</li>\r\n	<li>Output Power: 15.5 kW</li>\r\n	<li>Cylinders: 2</li>\r\n	<li>Engine Cooling: Air</li>\r\n	<li>Blade Diameter: 600 mm</li>\r\n	<li>Max. Cutting Depth: 241 mm</li>\r\n	<li>Arbor Diameter: 25.4 mm</li>\r\n	<li>Sound Power Level: 109 dB(A)</li>\r\n	<li>Sound Pressure Level: 88 dB(A)</li>\r\n	<li>Vibrations left/front Handle: 1.8 m/s&sup2;</li>\r\n	<li>Vibrations right/rear Handle: 2.4 m/s&sup2;</li>\r\n	<li>Weight: 239 kg</li>\r\n	<li>Dimensions: 1750 x 646 x 1200 mm</li>\r\n</ul>\r\n', '<p><a href=\"https://www.aabtools.com/wp-content/uploads/Husqvarna_FS-524_Floor-Saw_967046102_Manual.pdf\" target=\"_blank\">Husqvarna_FS 524_Floor Saw_967046102_Manual</a></p>\r\n', 'Husqvarna_FS-413_965150102_Floor-Saw.png,', '2022-03-22 12:03:57'),
(19, '500 MM, FLOOR SAW, 4-STROKE ENGINE, 8.7 KW, FS 413', '965150102', 39, 48, 3, '<ul>\r\n	<li>Low maintenance</li>\r\n	<li>Easy to adjust the blade</li>\r\n	<li>Easy to transport</li>\r\n	<li>Clear depth indicator</li>\r\n</ul>\r\n', '<ul>\r\n	<li>Our highly versatile FS 413 is a compact petrol push floor saw developed with a clear focus on your comfort.</li>\r\n	<li>Ideal for small to mid-sized service and repair jobs in asphalt and concrete. Cuts up to 189 mm deep. Shown with optional water tank.</li>\r\n	<li>Low vibrations engine and blade shaft mounting system increases comfort and gives an excellent cutting performance.</li>\r\n	<li>The IntelliSeal blade shaft system allows for a minimum of 250 maintenance-free hours without daily greasing of bearings.</li>\r\n	<li>Easy to adjust the blade. Spring-assisted screw feed facilitates blade adjustment in and out of the cut.</li>\r\n	<li>Easy to transport. Compact saw that is easy to lift.</li>\r\n	<li>Provides a closer and more comfortable position to the cutting side for easier alignment and straighter cuts. The handle can also be folded for transport.</li>\r\n</ul>\r\n', '<ul>\r\n	<li>Power Source: Gasoline</li>\r\n	<li>Tank Capacity: 6.1 Liter</li>\r\n	<li>No. of Engine Stroke: 4</li>\r\n	<li>Output Power: 8.7 kW</li>\r\n	<li>Cylinders: 1</li>\r\n	<li>Engine Cooling: Air</li>\r\n	<li>Blade Diameter: 500 mm</li>\r\n	<li>Max. Cutting Depth: 189 mm</li>\r\n	<li>Arbor Diameter: 25.4 mm</li>\r\n	<li>Sound Power Level: 108 dB(A)</li>\r\n	<li>Sound Pressure Level: 88 dB(A)</li>\r\n	<li>Vibrations left/front Handle: 1.9 m/s&sup2;</li>\r\n	<li>Vibrations right/rear Handle: 2.4 m/s&sup2;</li>\r\n	<li>Weight: 139 kg</li>\r\n	<li>Dimensions: 1550 x 638 x 1200 mm</li>\r\n</ul>\r\n', '<p><a href=\"https://www.aabtools.com/wp-content/uploads/Husqvarna_FS-413_Floor-Saw_965150102_Manual.pdf\" target=\"_blank\">Husqvarna_FS 413_Floor Saw_965150102_Manual</a></p>\r\n', 'Husqvarna_FS-413_965150102_Floor-Saw.png,', '2022-03-22 12:05:06'),
(20, ' 450 MM, FLOOR SAW, 4-STROKE ENGINE, 8.7 KW, FS 400 LV', '965148201', 39, 48, 3, '<ul>\r\n	<li>Easy to operate</li>\r\n	<li>Large integrated water tank</li>\r\n	<li>Low vibrations</li>\r\n	<li>Clear depth indicator</li>\r\n</ul>\r\n', '<ul>\r\n	<li>Our robust FS 400 LV is a convenient all-around petrol push floor saw. The adjustable handle ensures an ergonomic working position.</li>\r\n	<li>Perfect weight distribution gives excellent stability while sawing. Ideal for small road repair jobs in concrete or asphalt, up to 189 mm cutting depth.</li>\r\n	<li>Easy to operate, productive and robust with excellent weight distribution and stability.</li>\r\n	<li>Provides a closer and more comfortable position to the cutting side for easier alignment and straighter cuts. The handle can also be folded for transport.</li>\r\n	<li>Easy to transport, compact saw that is easy to lift.</li>\r\n	<li>Large integrated water tank. Quick connection for water hose to the blade guard. No tools are required for disassembly.</li>\r\n	<li>Low vibrations. Engine and blade shaft mounting system increases comfort and gives an excellent cutting performance.</li>\r\n</ul>\r\n', '<ul>\r\n	<li>Power Source: Gasoline</li>\r\n	<li>Tank Capacity: 6.1 Liter</li>\r\n	<li>No. of Engine Stroke: 4</li>\r\n	<li>Output Power: 8.7 kW</li>\r\n	<li>Cylinders: 1</li>\r\n	<li>Engine Cooling: Air</li>\r\n	<li>Blade Diameter: 450 mm</li>\r\n	<li>Max. Cutting Depth: 187 mm</li>\r\n	<li>Arbor Diameter: 25.4 mm</li>\r\n	<li>Sound Power Level: 109 dB(A)</li>\r\n	<li>Sound Pressure Level: 90 dB(A)</li>\r\n	<li>Vibrations left/front Handle: 3.2 m/s&sup2;</li>\r\n	<li>Vibrations right/rear Handle: 2.5 m/s&sup2;</li>\r\n	<li>Weight: 99 kg</li>\r\n	<li>Dimensions: 1150 x 615 x 940 mm</li>\r\n</ul>\r\n', '<p><a href=\"https://www.aabtools.com/wp-content/uploads/Husqvarna_FS-400-LV_Floor-Saw_965148201_Manual.pdf\" target=\"_blank\">Husqvarna_FS 400 LV_Floor Saw_965148201_Manual</a></p>\r\n', 'Husqvarna_FS-400-LV_965148201_Floor-Saw.png,', '2022-03-22 12:06:12'),
(21, '230V, 400 MM MASONRY SAW, 2.2 KW, TS 400 F', '965148101', 39, 48, 2, '<ul>\r\n	<li>Versatile.&nbsp;Can plunge and bevel cut at 45&deg; or 90&deg; for maximum versatility.</li>\r\n	<li>Efficient slurry sedimentation.&nbsp;The collection tray enables efficient slurry handling for long pump life.</li>\r\n	<li>Sturdy and reliable motor.&nbsp;Provides long product life.</li>\r\n</ul>\r\n', '<ul>\r\n	<li>Easy set-up. One person can set up the machine, thanks to the semi-automatic folding legs</li>\r\n	<li>Versatile. Can plunge and bevel cut at 45&deg; or 90&deg; for maximum versatility.</li>\r\n	<li>Efficient slurry sedimentation. The collection tray enables efficient slurry handling for long pump life.</li>\r\n	<li>Sturdy and reliable motor. Provides long product life.</li>\r\n	<li>Heavy duty water pump. The high-quality water pump greatly extends product life.</li>\r\n	<li>Wide-span of cutting depths. The precise height adjustment of the cutter head allows deep step cutting.</li>\r\n	<li>Easy replacement of water pump. Thanks to the electrical quick connection.</li>\r\n	<li>Protected guide rails. The solid frame protects the guide rails from external impact.</li>\r\n</ul>\r\n', '<ul>\r\n	<li>Power Source: Electric</li>\r\n	<li>Voltage: 220-230 V</li>\r\n	<li>Frequency: 50-60 Hz</li>\r\n	<li>Rated Input Power: 2.2 kW</li>\r\n	<li>Diameter: 400 mm</li>\r\n	<li>Max. Cutting Depth: 230 mm</li>\r\n	<li>Max. Cutting Length: 700 mm</li>\r\n	<li>Weight: 96 kg</li>\r\n	<li>Dimensions: 600 x 600 x 1120 mm</li>\r\n</ul>\r\n', '<p><a href=\"https://www.aabtools.com/wp-content/uploads/Husqvarna_965148101_Manual_TS-400-F-Masonry-saws.pdf\" target=\"_blank\">Husqvarna_965148101_Manual_TS 400 F Masonry saws</a></p>\r\n', 'Husqvarna_965148101_TS-400-F-Masonry-saws.jpg,Husqvarna_965148101_TS-400-F-Masonry-saws-1.jpeg,', '2022-03-22 12:09:50'),
(24, 'SEGMENTED DIAMOND BLADE RING, 370 MM, VARI-RING R20', '574836301', 39, 48, 19, '<ul>\r\n	<li>Ideal for concrete and hard materials</li>\r\n	<li>The original Ring blade</li>\r\n	<li>Drive disc included</li>\r\n	<li>Self sharpen when applying new blade</li>\r\n</ul>\r\n', '<ul>\r\n	<li>Developed for fast cutting in universal construction materials, with a focus on hard materials like granite and hard concrete.</li>\r\n	<li>Husqvarna-developed ring blade and drive disc.</li>\r\n	<li>A drive disc is included with every Ring blade.</li>\r\n	<li>The segment edge design enables a good cutting speed when applying a new blade, regardless of rotation.</li>\r\n	<li>Fits To &mdash; K 3600 Ring, K 970 Ring, K 6500 Ring, K 7000 Ring</li>\r\n</ul>\r\n', '<ul>\r\n	<li>Diameter: 370 mm</li>\r\n	<li>Blade Configuration: Segmented</li>\r\n	<li>Segment Height: 9 mm</li>\r\n	<li>Segment Length: 33 mm</li>\r\n	<li>Segment Width: 4.2 mm</li>\r\n	<li>Number of Segments: 22</li>\r\n	<li>Coolant: Wet</li>\r\n	<li>Power Range, max: 5 kW</li>\r\n	<li>Power Range, min: 3.5 kW</li>\r\n</ul>\r\n', '', 'VARI-RING-R20.png,', '2022-03-22 13:30:26'),
(25, 'WET/DRY DIAMOND CORE DRILL BIT, 25 MM X 11/4 INCH, VARI-DRILL D20', '582003901', 39, 48, 19, '<ul>\r\n	<li>Heavy-duty applications</li>\r\n	<li>Ideal for concrete and hard materials</li>\r\n	<li>Laser welded</li>\r\n	<li>Several smart accessories available</li>\r\n</ul>\r\n', '<ul>\r\n	<li>For heavy-duty applications like water evacuation, ventilation and plumbing channels, waste evacuation pipes, gas supply pipes, and barriers.</li>\r\n	<li>Developed for fast cutting in universal construction materials, with a focus on hard materials like granite and hard concrete.</li>\r\n	<li>Segments are attached to the tube by laser welding to minimize the risk of segment loss.</li>\r\n	<li>With accessories such as adapters, centering devices, and extenders the drill job can be made easier.</li>\r\n	<li>Fits To &mdash; DM 220, DM 230, DM 650, DM 280, DMS 240, DM 406 H, DM 400, DM 200, DM 700, DM 430</li>\r\n</ul>\r\n', '<ul>\r\n	<li>Diameter: 25 mm</li>\r\n	<li>Segment Length: 25 mm</li>\r\n	<li>Segment Width: 3.2 mm</li>\r\n	<li>Segment Height: 9.5 mm</li>\r\n	<li>Core Length: 450 mm</li>\r\n	<li>Coolant: Wet/dry</li>\r\n	<li>Drill Connection: 11/4 inch</li>\r\n	<li>Power Range, max: 4 kW</li>\r\n	<li>Power Range, min: 1.5 kW</li>\r\n</ul>\r\n', '', 'VARI-DRILL-D20.png,', '2022-03-22 13:31:56'),
(26, 'WET/DRY DIAMOND CORE DRILL BIT, 52 MM X 11/4 INCH, VARI-DRILL D20', '582005101', 39, 48, 19, '<ul>\r\n	<li>Heavy-duty applications</li>\r\n	<li>Ideal for concrete and hard materials</li>\r\n	<li>Laser welded</li>\r\n	<li>Several smart accessories available</li>\r\n</ul>\r\n', '<ul>\r\n	<li>For heavy-duty applications like water evacuation, ventilation and plumbing channels, waste evacuation pipes, gas supply pipes, and barriers.</li>\r\n	<li>Developed for fast cutting in universal construction materials, with a focus on hard materials like granite and hard concrete.</li>\r\n	<li>Segments are attached to the tube by laser welding to minimize the risk of segment loss.</li>\r\n	<li>With accessories such as adapters, centering devices, and extenders the drill job can be made easier.</li>\r\n	<li>Fits To &mdash; DM 220, DM 230, DM 650, DM 280, DMS 240, DM 406 H, DM 400, DM 200, DM 700, DM 430</li>\r\n</ul>\r\n', '<ul>\r\n	<li>Diameter: 52 mm</li>\r\n	<li>Segment Length: 24 mm</li>\r\n	<li>Segment Width: 3.5 mm</li>\r\n	<li>Segment Height: 11 mm</li>\r\n	<li>Number of Segments: 5</li>\r\n	<li>Core Length: 450 mm</li>\r\n	<li>Coolant: Wet/dry</li>\r\n	<li>Drill Connection: 11/4 inch</li>\r\n	<li>Power Range, max: 4 kW</li>\r\n	<li>Power Range, min: 1.5 kW</li>\r\n</ul>\r\n', '', 'VARI-DRILL-D20.png,', '2022-03-22 13:33:00'),
(27, 'WET/DRY DIAMOND CORE DRILL BIT, 72 MM X 11/4 INCH, VARI-DRILL D20', '582005401', 39, 48, 19, '<ul>\r\n	<li>Heavy-duty applications</li>\r\n	<li>Ideal for concrete and hard materials</li>\r\n	<li>Laser welded</li>\r\n	<li>Several smart accessories available</li>\r\n</ul>\r\n', '<ul>\r\n	<li>For heavy-duty applications like water evacuation, ventilation and plumbing channels, waste evacuation pipes, gas supply pipes, and barriers.</li>\r\n	<li>Developed for fast cutting in universal construction materials, with a focus on hard materials like granite and hard concrete.</li>\r\n	<li>Segments are attached to the tube by laser welding to minimize the risk of segment loss.</li>\r\n	<li>With accessories such as adapters, centering devices, and extenders the drill job can be made easier.</li>\r\n	<li>Fits To &mdash; DM 220, DM 230, DM 650, DM 280, DMS 240, DM 406 H, DM 400, DM 200, DM 700, DM 430</li>\r\n</ul>\r\n', '<ul>\r\n	<li>Diameter: 72 mm</li>\r\n	<li>Segment Length: 24 mm</li>\r\n	<li>Segment Width: 3.5 mm</li>\r\n	<li>Segment Height: 11 mm</li>\r\n	<li>Number of Segments: 6</li>\r\n	<li>Core Length: 450 mm</li>\r\n	<li>Coolant: Wet/dry</li>\r\n	<li>Drill Connection: 11/4 inch</li>\r\n	<li>Power Range, max: 4 kW</li>\r\n	<li>Power Range, min: 1.5 kW</li>\r\n</ul>\r\n', '', 'VARI-DRILL-D20.png,', '2022-03-22 14:38:28'),
(28, 'WET/DRY DIAMOND CORE DRILL BIT, 102 MM X 11/4 INCH, VARI-DRILL D20', '582005701', 39, 48, 19, '<ul>\r\n	<li>Heavy-duty applications</li>\r\n	<li>Ideal for concrete and hard materials</li>\r\n	<li>Laser welded</li>\r\n	<li>Several smart accessories available</li>\r\n</ul>\r\n', '<ul>\r\n	<li>For heavy-duty applications like water evacuation, ventilation and plumbing channels, waste evacuation pipes, gas supply pipes, and barriers.</li>\r\n	<li>Developed for fast cutting in universal construction materials, with a focus on hard materials like granite and hard concrete.</li>\r\n	<li>Segments are attached to the tube by laser welding to minimize the risk of segment loss.</li>\r\n	<li>With accessories such as adapters, centering devices, and extenders the drill job can be made easier.</li>\r\n	<li>Fits To &mdash; DM 220, DM 230, DM 650, DM 280, DMS 240, DM 406 H, DM 400, DM 200, DM 700, DM 430</li>\r\n</ul>\r\n', '<ul>\r\n	<li>Diameter: 102 mm</li>\r\n	<li>Segment Length: 24 mm</li>\r\n	<li>Segment Width: 3.5 mm</li>\r\n	<li>Segment Height: 11 mm</li>\r\n	<li>Number of Segments: 8</li>\r\n	<li>Core Length: 450 mm</li>\r\n	<li>Coolant: Wet/dry</li>\r\n	<li>Drill Connection: 11/4 inch</li>\r\n	<li>Power Range, max: 4 kW</li>\r\n	<li>Power Range, min: 1.5 kW</li>\r\n</ul>\r\n', '', 'VARI-DRILL-D20.png,', '2022-03-22 14:40:28'),
(29, 'WET/DRY DIAMOND CORE DRILL BIT, 152 MM X 11/4 INCH, VARI-DRILL D20', '582006201', 39, 48, 19, '<ul>\r\n	<li>Heavy-duty applications</li>\r\n	<li>Ideal for concrete and hard materials</li>\r\n	<li>Laser welded</li>\r\n	<li>Several smart accessories available</li>\r\n</ul>\r\n', '<ul>\r\n	<li>For heavy-duty applications like water evacuation, ventilation and plumbing channels, waste evacuation pipes, gas supply pipes, and barriers.</li>\r\n	<li>Developed for fast cutting in universal construction materials, with a focus on hard materials like granite and hard concrete.</li>\r\n	<li>Segments are attached to the tube by laser welding to minimize the risk of segment loss.</li>\r\n	<li>With accessories such as adapters, centering devices, and extenders the drill job can be made easier.</li>\r\n	<li>Fits To &mdash; DM 220, DM 230, DM 650, DM 280, DMS 240, DM 406 H, DM 400, DM 200, DM 700, DM 430</li>\r\n</ul>\r\n', '<ul>\r\n	<li>Diameter: 152 mm</li>\r\n	<li>Segment Length: 24 mm</li>\r\n	<li>Segment Width: 3.7 mm</li>\r\n	<li>Segment Height: 11 mm</li>\r\n	<li>Number of Segments: 12</li>\r\n	<li>Core Length: 450 mm</li>\r\n	<li>Coolant: Wet/dry</li>\r\n	<li>Drill Connection: 11/4 inch</li>\r\n	<li>Power Range, max: 4 kW</li>\r\n	<li>Power Range, min: 1.5 kW</li>\r\n</ul>\r\n', '', 'VARI-DRILL-D20.png,', '2022-03-22 14:41:47'),
(30, 'WET/DRY DIAMOND CORE DRILL BIT, 200 MM X 11/4 INCH, VARI-DRILL D20', '582006601', 39, 48, 19, '<ul>\r\n	<li>Heavy-duty applications</li>\r\n	<li>Ideal for concrete and hard materials</li>\r\n	<li>Laser welded</li>\r\n	<li>Several smart accessories available</li>\r\n</ul>\r\n', '<ul>\r\n	<li>For heavy-duty applications like water evacuation, ventilation and plumbing channels, waste evacuation pipes, gas supply pipes, and barriers.</li>\r\n	<li>Developed for fast cutting in universal construction materials, with a focus on hard materials like granite and hard concrete.</li>\r\n	<li>Segments are attached to the tube by laser welding to minimize the risk of segment loss.</li>\r\n	<li>With accessories such as adapters, centering devices, and extenders the drill job can be made easier.</li>\r\n	<li>Fits To &mdash; DM 220, DM 230, DM 650, DM 280, DMS 240, DM 406 H, DM 400, DM 200, DM 700, DM 430</li>\r\n</ul>\r\n', '<ul>\r\n	<li>Diameter: 200 mm</li>\r\n	<li>Segment Length: 24 mm</li>\r\n	<li>Segment Width: 4 mm</li>\r\n	<li>Segment Height: 11 mm</li>\r\n	<li>Number of Segments: 14</li>\r\n	<li>Core Length: 450 mm</li>\r\n	<li>Coolant: Wet/dry</li>\r\n	<li>Drill Connection: 11/4 inch</li>\r\n	<li>Power Range, max: 4 kW</li>\r\n	<li>Power Range, min: 1.5 kW</li>\r\n</ul>\r\n', '', 'VARI-DRILL-D20.png,', '2022-03-22 14:43:51'),
(31, 'WET/DRY DIAMOND CORE DRILL BIT, 250 MM X 11/4 INCH, VARI-DRILL D20', '582006801', 39, 48, 19, '<ul>\r\n	<li>Heavy-duty applications</li>\r\n	<li>Ideal for concrete and hard materials</li>\r\n	<li>Laser welded</li>\r\n	<li>Several smart accessories available</li>\r\n</ul>\r\n', '<ul>\r\n	<li>For heavy-duty applications like water evacuation, ventilation and plumbing channels, waste evacuation pipes, gas supply pipes, and barriers.</li>\r\n	<li>Developed for fast cutting in universal construction materials, with a focus on hard materials like granite and hard concrete.</li>\r\n	<li>Segments are attached to the tube by laser welding to minimize the risk of segment loss.</li>\r\n	<li>With accessories such as adapters, centering devices, and extenders the drill job can be made easier.</li>\r\n	<li>Fits To &mdash; DM 220, DM 230, DM 650, DM 280, DMS 240, DM 406 H, DM 400, DM 200, DM 700, DM 430</li>\r\n</ul>\r\n', '<ul>\r\n	<li>Diameter: 250 mm</li>\r\n	<li>Segment Length: 24 mm</li>\r\n	<li>Segment Width: 4.3 mm</li>\r\n	<li>Segment Height: 11 mm</li>\r\n	<li>Number of Segments: 17</li>\r\n	<li>Core Length: 450 mm</li>\r\n	<li>Coolant: Wet/dry</li>\r\n	<li>Drill Connection: 11/4 inch</li>\r\n	<li>Power Range, max: 4 kW</li>\r\n	<li>Power Range, min: 1.5 kW</li>\r\n</ul>\r\n', '', 'VARI-DRILL-D20.png,', '2022-03-22 14:44:48'),
(32, 'WET/DRY DIAMOND CORE DRILL BIT, 300 MM X 11/4 INCH, VARI-DRILL D20', '582006901', 39, 48, 19, '<ul>\r\n	<li>Heavy-duty applications</li>\r\n	<li>Ideal for concrete and hard materials</li>\r\n	<li>Laser welded</li>\r\n	<li>Several smart accessories available</li>\r\n</ul>\r\n', '<ul>\r\n	<li>For heavy-duty applications like water evacuation, ventilation and plumbing channels, waste evacuation pipes, gas supply pipes, and barriers.</li>\r\n	<li>Developed for fast cutting in universal construction materials, with a focus on hard materials like granite and hard concrete.</li>\r\n	<li>Segments are attached to the tube by laser welding to minimize the risk of segment loss.</li>\r\n	<li>With accessories such as adapters, centering devices, and extenders the drill job can be made easier.</li>\r\n	<li>Fits To &mdash; DM 220, DM 230, DM 650, DM 280, DMS 240, DM 406 H, DM 400, DM 200, DM 700, DM 430</li>\r\n</ul>\r\n', '<ul>\r\n	<li>Diameter: 300 mm</li>\r\n	<li>Segment Length: 24 mm</li>\r\n	<li>Segment Width: 4.3 mm</li>\r\n	<li>Segment Height: 11 mm</li>\r\n	<li>Number of Segments: 21</li>\r\n	<li>Core Length: 450 mm</li>\r\n	<li>Coolant: Wet/dry</li>\r\n	<li>Drill Connection: 11/4 inch</li>\r\n	<li>Power Range, max: 4 kW</li>\r\n	<li>Power Range, min: 1.5 kW</li>\r\n</ul>\r\n', '', 'VARI-DRILL-D20.png,', '2022-03-22 14:45:46'),
(33, 'WET/DRY DIAMOND CORE DRILL BIT, 52 MM X 11/4 INCH, TACTI-DRILL D20', '582076901', 39, 48, 19, '<ul>\r\n	<li>Wide application window</li>\r\n	<li>Laser welded</li>\r\n	<li>Good balance between performance and cost</li>\r\n	<li>High speed and free cutting</li>\r\n	<li>Several smart accessories are available</li>\r\n</ul>\r\n', '<ul>\r\n	<li>Designed to cover a wide window of applications with a very good performance.</li>\r\n	<li>Segments are attached to the tube by laser welding to minimize the risk of segment loss.</li>\r\n	<li>This diamond tool has a good performance/price ratio thanks to the high-performance output in relation to the tool investment.</li>\r\n	<li>High speed and free cutting.</li>\r\n	<li>With accessories such as adapters, centering devices, and extenders the drill job can be made easier.</li>\r\n	<li>Fits To &mdash; DM 220, DM 230, DM 280, DMS 240, DM 406 H, DM 400, DM 200, DM 430</li>\r\n</ul>\r\n', '<ul>\r\n	<li>Diameter: 52 mm</li>\r\n	<li>Segment Length: 24 mm</li>\r\n	<li>Segment Width: 3.5 mm</li>\r\n	<li>Segment Height: 7 mm</li>\r\n	<li>Number of Segments: 5</li>\r\n	<li>Core Length: 450 mm</li>\r\n	<li>Coolant: Wet/dry</li>\r\n	<li>Drill Connection: 11/4 inch</li>\r\n	<li>Power Range, max: 4 kW</li>\r\n	<li>Power Range, min: 1.5 kW</li>\r\n</ul>\r\n', '', 'TACTI-DRILL-D20.png,', '2022-03-22 14:46:43');
INSERT INTO `sub_product1` (`sub_product_id`, `sub_product_name`, `model_no`, `category_id`, `subcategory_id`, `brand_id`, `short_description`, `features`, `specifications`, `download_link`, `file_name`, `uploaded_on`) VALUES
(34, 'WET/DRY DIAMOND CORE DRILL BIT, 72 MM X 11/4 INCH, TACTI-DRILL D20', '582077301', 39, 48, 19, '<ul>\r\n	<li>Wide application window</li>\r\n	<li>Laser welded</li>\r\n	<li>Good balance between performance and cost</li>\r\n	<li>High speed and free cutting</li>\r\n	<li>Several smart accessories are available</li>\r\n</ul>\r\n', '<ul>\r\n	<li>Designed to cover a wide window of applications with a very good performance.</li>\r\n	<li>Segments are attached to the tube by laser welding to minimize the risk of segment loss.</li>\r\n	<li>This diamond tool has a good performance/price ratio thanks to the high-performance output in relation to the tool investment.</li>\r\n	<li>High speed and free cutting.</li>\r\n	<li>With accessories such as adapters, centering devices, and extenders the drill job can be made easier.</li>\r\n	<li>Fits To &mdash; DM 220, DM 230, DM 280, DMS 240, DM 406 H, DM 400, DM 200, DM 430</li>\r\n</ul>\r\n', '<ul>\r\n	<li>Diameter: 72 mm</li>\r\n	<li>Segment Length: 24 mm</li>\r\n	<li>Segment Width: 3.5 mm</li>\r\n	<li>Segment Height: 7 mm</li>\r\n	<li>Number of Segments: 6</li>\r\n	<li>Core Length: 450 mm</li>\r\n	<li>Coolant: Wet/dry</li>\r\n	<li>Drill Connection: 11/4 inch</li>\r\n	<li>Power Range, max: 4 kW</li>\r\n	<li>Power Range, min: 1.5 kW</li>\r\n</ul>\r\n', '', 'TACTI-DRILL-D20.png,', '2022-03-22 14:47:57'),
(35, 'WET/DRY DIAMOND CORE DRILL BIT, 102 MM X 11/4 INCH, TACTI-DRILL D20', '582077601', 39, 48, 19, '<ul>\r\n	<li>Wide application window</li>\r\n	<li>Laser welded</li>\r\n	<li>Good balance between performance and cost</li>\r\n	<li>High speed and free cutting</li>\r\n	<li>Several smart accessories are available</li>\r\n</ul>\r\n', '<ul>\r\n	<li>Designed to cover a wide window of applications with a very good performance.</li>\r\n	<li>Segments are attached to the tube by laser welding to minimize the risk of segment loss.</li>\r\n	<li>This diamond tool has a good performance/price ratio thanks to the high-performance output in relation to the tool investment.</li>\r\n	<li>High speed and free cutting.</li>\r\n	<li>With accessories such as adapters, centering devices, and extenders the drill job can be made easier.</li>\r\n	<li>Fits To &mdash; DM 220, DM 230, DM 280, DMS 240, DM 406 H, DM 400, DM 200, DM 430</li>\r\n</ul>\r\n', '<ul>\r\n	<li>Diameter: 102 mm</li>\r\n	<li>Segment Length: 24 mm</li>\r\n	<li>Segment Width: 3.5 mm</li>\r\n	<li>Segment Height: 7 mm</li>\r\n	<li>Number of Segments: 8</li>\r\n	<li>Core Length: 450 mm</li>\r\n	<li>Coolant: Wet/dry</li>\r\n	<li>Drill Connection: 11/4 inch</li>\r\n	<li>Power Range, max: 4 kW</li>\r\n	<li>Power Range, min: 1.5 kW</li>\r\n</ul>\r\n', '', 'TACTI-DRILL-D20.png,', '2022-03-22 14:49:15'),
(36, 'WET/DRY DIAMOND CORE DRILL BIT, 152 MM X 11/4 INCH, TACTI-DRILL D20', '582078301', 39, 48, 19, '<ul>\r\n	<li>Wide application window</li>\r\n	<li>Laser welded</li>\r\n	<li>Good balance between performance and cost</li>\r\n	<li>High speed and free cutting</li>\r\n	<li>Several smart accessories are available</li>\r\n</ul>\r\n', '<ul>\r\n	<li>Designed to cover a wide window of applications with a very good performance.</li>\r\n	<li>Segments are attached to the tube by laser welding to minimize the risk of segment loss.</li>\r\n	<li>This diamond tool has a good performance/price ratio thanks to the high-performance output in relation to the tool investment.</li>\r\n	<li>High speed and free cutting.</li>\r\n	<li>With accessories such as adapters, centering devices, and extenders the drill job can be made easier.</li>\r\n	<li>Fits To &mdash; DM 220, DM 230, DM 280, DMS 240, DM 406 H, DM 400, DM 200, DM 430</li>\r\n</ul>\r\n', '<ul>\r\n	<li>Diameter: 152 mm</li>\r\n	<li>Segment Length: 24 mm</li>\r\n	<li>Segment Width: 3.7 mm</li>\r\n	<li>Segment Height: 7 mm</li>\r\n	<li>Number of Segments: 12</li>\r\n	<li>Core Length: 450 mm</li>\r\n	<li>Coolant: Wet/dry</li>\r\n	<li>Drill Connection: 11/4 inch</li>\r\n	<li>Power Range, max: 4 kW</li>\r\n	<li>Power Range, min: 1.5 kW</li>\r\n</ul>\r\n', '', 'TACTI-DRILL-D20.png,', '2022-03-22 14:50:17'),
(37, 'CORE DRILLS 102 X 400MM', 'DCS-102', 39, 48, 19, '<ul>\r\n	<li>Gazelle diamond core drill bits are designed to meet the demands of more and more core drilling applications right on the job sites.</li>\r\n	<li>These core bits are used for high speed drilling and in a wide range of building materials.</li>\r\n</ul>\r\n', '<ul>\r\n	<li>For fast drilling of holes in concrete, asphalt, hard brick and block.</li>\r\n	<li>The high diamond concentration ensures excellent footage and cutting speed.</li>\r\n	<li>Laser welded segments provide strength and durability</li>\r\n</ul>\r\n', '', '', 'GAZ_DCS-102.jpg,', '2022-03-22 15:02:27'),
(38, 'CORE DRILLS 127 X 400MM', 'DCS-127', 39, 48, 6, '<ul>\r\n	<li>Gazelle diamond core drill bits are designed to meet the demands of more and more core drilling applications right on the job sites.</li>\r\n	<li>These core bits are used for high speed drilling and in a wide range of building materials.</li>\r\n</ul>\r\n', '<ul>\r\n	<li>For fast drilling of holes in concrete, asphalt, hard brick and block.</li>\r\n	<li>The high diamond concentration ensures excellent footage and cutting speed.</li>\r\n	<li>Laser welded segments provide strength and durability</li>\r\n</ul>\r\n', '', '', 'GAZ_DCS-102.jpg,', '2022-03-22 15:03:22'),
(39, 'CORE DRILLS 14 X 300MM', 'DCS-14', 39, 48, 6, '<ul>\r\n	<li>Gazelle diamond core drill bits are designed to meet the demands of more and more core drilling applications right on the job sites.</li>\r\n	<li>These core bits are used for high speed drilling and in a wide range of building materials.</li>\r\n</ul>\r\n', '<ul>\r\n	<li>For fast drilling of holes in concrete, asphalt, hard brick and block.</li>\r\n	<li>The high diamond concentration ensures excellent footage and cutting speed.</li>\r\n	<li>Laser welded segments provide strength and durability</li>\r\n</ul>\r\n', '', '', 'GAZ_DCS-14.jpg,', '2022-03-22 15:04:07'),
(40, 'CORE DRILLS 152 X 400MM', 'DCS-152', 39, 48, 6, '<ul>\r\n	<li>Gazelle diamond core drill bits are designed to meet the demands of more and more core drilling applications right on the job sites.</li>\r\n	<li>These core bits are used for high speed drilling and in a wide range of building materials.</li>\r\n</ul>\r\n', '<ul>\r\n	<li>For fast drilling of holes in concrete, asphalt, hard brick and block.</li>\r\n	<li>The high diamond concentration ensures excellent footage and cutting speed.</li>\r\n	<li>Laser welded segments provide strength and durability</li>\r\n</ul>\r\n', '', '', 'GAZ_DCS-102.jpg,', '2022-03-22 15:04:57'),
(41, 'CORE DRILLS 16 X 300MM', 'DCS-16', 39, 48, 6, '<ul>\r\n	<li>Gazelle diamond core drill bits are designed to meet the demands of more and more core drilling applications right on the job sites.</li>\r\n	<li>These core bits are used for high speed drilling and in a wide range of building materials.</li>\r\n</ul>\r\n', '<ul>\r\n	<li>For fast drilling of holes in concrete, asphalt, hard brick and block.</li>\r\n	<li>The high diamond concentration ensures excellent footage and cutting speed.</li>\r\n	<li>Laser welded segments provide strength and durability</li>\r\n</ul>\r\n', '', '', 'GAZ_DCS-14.jpg,', '2022-03-22 15:05:37'),
(42, 'CORE DRILLS 20 X 300MM', 'DCS-20', 39, 48, 6, '<ul>\r\n	<li>Gazelle diamond core drill bits are designed to meet the demands of more and more core drilling applications right on the job sites.</li>\r\n	<li>These core bits are used for high speed drilling and in a wide range of building materials.</li>\r\n</ul>\r\n', '<ul>\r\n	<li>For fast drilling of holes in concrete, asphalt, hard brick and block.</li>\r\n	<li>The high diamond concentration ensures excellent footage and cutting speed.</li>\r\n	<li>Laser welded segments provide strength and durability</li>\r\n</ul>\r\n', '', '', 'GAZ_DCS-14.jpg,', '2022-03-22 15:06:47'),
(43, 'CORE DRILLS 202 X 400MM', 'DCS-202', 39, 48, 6, '<ul>\r\n	<li>Gazelle diamond core drill bits are designed to meet the demands of more and more core drilling applications right on the job sites.</li>\r\n	<li>These core bits are used for high speed drilling and in a wide range of building materials.</li>\r\n</ul>\r\n', '<ul>\r\n	<li>For fast drilling of holes in concrete, asphalt, hard brick and block.</li>\r\n	<li>The high diamond concentration ensures excellent footage and cutting speed.</li>\r\n	<li>Laser welded segments provide strength and durability</li>\r\n</ul>\r\n', '', '', 'Gazelle_DCS-202_Core-Drills-202-x-400mm.jpg,', '2022-03-22 15:08:45'),
(44, 'CORE DRILLS 22 X 300MM', 'DCS-22', 39, 48, 6, '<ul>\r\n	<li>Gazelle diamond core drill bits are designed to meet the demands of more and more core drilling applications right on the job sites.</li>\r\n	<li>These core bits are used for high speed drilling and in a wide range of building materials.</li>\r\n</ul>\r\n', '<ul>\r\n	<li>For fast drilling of holes in concrete, asphalt, hard brick and block.</li>\r\n	<li>The high diamond concentration ensures excellent footage and cutting speed.</li>\r\n	<li>Laser welded segments provide strength and durability</li>\r\n</ul>\r\n', '', '', 'GAZ_DCS-14.jpg,', '2022-03-22 15:09:43'),
(45, 'CORE DRILLS 25 X 300MM', 'DCS-25', 39, 48, 6, '<ul>\r\n	<li>Gazelle diamond core drill bits are designed to meet the demands of more and more core drilling applications right on the job sites.</li>\r\n	<li>These core bits are used for high speed drilling and in a wide range of building materials.</li>\r\n</ul>\r\n', '<ul>\r\n	<li>For fast drilling of holes in concrete, asphalt, hard brick and block.</li>\r\n	<li>The high diamond concentration ensures excellent footage and cutting speed.</li>\r\n	<li>Laser welded segments provide strength and durability</li>\r\n</ul>\r\n', '', '', 'GAZ_DCS-14.jpg,', '2022-03-22 15:10:40'),
(46, 'CORE DRILLS 250 X 400MM', 'DCS-250', 39, 48, 6, '<ul>\r\n	<li>Gazelle diamond core drill bits are designed to meet the demands of more and more core drilling applications right on the job sites.</li>\r\n	<li>These core bits are used for high speed drilling and in a wide range of building materials.</li>\r\n</ul>\r\n', '<ul>\r\n	<li>For fast drilling of holes in concrete, asphalt, hard brick and block.</li>\r\n	<li>The high diamond concentration ensures excellent footage and cutting speed.</li>\r\n	<li>Laser welded segments provide strength and durability</li>\r\n</ul>\r\n', '', '', 'GAZ_DCS-102.jpg,', '2022-03-22 15:11:22'),
(47, 'CORE DRILLS 32 X 300MM', 'DCS-32', 39, 48, 6, '<ul>\r\n	<li>Gazelle diamond core drill bits are designed to meet the demands of more and more core drilling applications right on the job sites.</li>\r\n	<li>These core bits are used for high speed drilling and in a wide range of building materials.</li>\r\n</ul>\r\n', '<ul>\r\n	<li>For fast drilling of holes in concrete, asphalt, hard brick and block.</li>\r\n	<li>The high diamond concentration ensures excellent footage and cutting speed.</li>\r\n	<li>Laser welded segments provide strength and durability</li>\r\n</ul>\r\n', '', '', 'GAZ_DCS-102.jpg,', '2022-03-22 15:12:07'),
(48, 'CORE DRILLS 40 X 400MM', 'DCS-40', 39, 48, 6, '<ul>\r\n	<li>Gazelle diamond core drill bits are designed to meet the demands of more and more core drilling applications right on the job sites.</li>\r\n	<li>These core bits are used for high speed drilling and in a wide range of building materials.</li>\r\n</ul>\r\n', '<p>&nbsp;</p>\r\n\r\n<ul>\r\n	<li>For fast drilling of holes in concrete, asphalt, hard brick and block.</li>\r\n	<li>The high diamond concentration ensures excellent footage and cutting speed.</li>\r\n	<li>Laser welded segments provide strength and durability</li>\r\n</ul>\r\n', '', '', 'Gazelle_DCS-202_Core-Drills-202-x-400mm.jpg,', '2022-03-22 15:12:51'),
(49, 'CORE DRILLS 52 X 400MM', 'DCS-52', 39, 48, 6, '<ul>\r\n	<li>Gazelle diamond core drill bits are designed to meet the demands of more and more core drilling applications right on the job sites.</li>\r\n	<li>These core bits are used for high speed drilling and in a wide range of building materials.</li>\r\n</ul>\r\n', '<ul>\r\n	<li>For fast drilling of holes in concrete, asphalt, hard brick and block.</li>\r\n	<li>The high diamond concentration ensures excellent footage and cutting speed.</li>\r\n	<li>Laser welded segments provide strength and durability</li>\r\n</ul>\r\n', '', '', 'Gazelle_DCS-202_Core-Drills-202-x-400mm.jpg,', '2022-03-22 15:13:43'),
(50, 'CORE DRILLS 62 X 400MM', 'DCS-62', 39, 48, 6, '<ul>\r\n	<li>Gazelle diamond core drill bits are designed to meet the demands of more and more core drilling applications right on the job sites.</li>\r\n	<li>These core bits are used for high speed drilling and in a wide range of building materials.</li>\r\n</ul>\r\n', '<ul>\r\n	<li>For fast drilling of holes in concrete, asphalt, hard brick and block.</li>\r\n	<li>The high diamond concentration ensures excellent footage and cutting speed.</li>\r\n	<li>Laser welded segments provide strength and durability</li>\r\n</ul>\r\n', '', '', 'Gazelle_DCS-202_Core-Drills-202-x-400mm.jpg,', '2022-03-22 15:14:30'),
(51, 'CORE DRILLS 77 X 400MM', 'DCS-77', 39, 48, 6, '<ul>\r\n	<li>Gazelle diamond core drill bits are designed to meet the demands of more and more core drilling applications right on the job sites.</li>\r\n	<li>These core bits are used for high speed drilling and in a wide range of building materials.</li>\r\n</ul>\r\n', '<p>&nbsp;</p>\r\n\r\n<ul>\r\n	<li>For fast drilling of holes in concrete, asphalt, hard brick and block.</li>\r\n	<li>The high diamond concentration ensures excellent footage and cutting speed.</li>\r\n	<li>Laser welded segments provide strength and durability</li>\r\n</ul>\r\n', '', '', 'Gazelle_DCS-202_Core-Drills-202-x-400mm.jpg,', '2022-03-22 15:15:08'),
(52, 'CORE DRILLS ADAPTOR 1-1/4 X 1/2', 'DCS-ADAP', 39, 48, 6, '<ul>\r\n	<li>Gazelle diamond core drill bits are designed to meet the demands of more and more core drilling applications right on the job sites.</li>\r\n	<li>These core bits are used for high speed drilling and in a wide range of building materials.</li>\r\n</ul>\r\n', '<ul>\r\n	<li>For fast drilling of holes in concrete, asphalt, hard brick and block.</li>\r\n	<li>The high diamond concentration ensures excellent footage and cutting speed.</li>\r\n	<li>Laser welded segments provide strength and durability</li>\r\n</ul>\r\n', '', '', 'GAZ_DCS-102.jpg,', '2022-03-22 15:15:57'),
(53, 'FORAGRES WET DIAMOND DRILL BIT 20MM', '4970', 39, 48, 5, '<ul>\r\n	<li>FORAGRES diamond drill bits are ideal for drilling stoneware tiles, porcelain tiles and pieces of granite and marble.</li>\r\n	<li>Available in various diameters, from 20 to 120 mm. They are perfect for making holes in ceramic tiles during installation.</li>\r\n	<li>The FORAGRES range of diamond drill bits includes all the diameters needed to perform the most common drilling for water tapping points, sewers, electrical connections, etc.</li>\r\n	<li>The diamond rim of FORAGRES drill bits is sintered and joined to the drill bit body by laser welding.</li>\r\n</ul>\r\n', '<ul>\r\n	<li>FORAGRES diamond drill bits are ideal for drilling stoneware tiles, porcelain tiles and pieces of granite and marble.</li>\r\n	<li>Available in various diameters, from 20 to 120 mm. They are perfect for making holes in ceramic tiles during installation.</li>\r\n	<li>The FORAGRES range of diamond drill bits includes all the diameters needed to perform the most common drilling for water tapping points, sewers, electrical connections, etc.</li>\r\n	<li>The diamond rim of FORAGRES drill bits is sintered and joined to the drill bit body by laser welding.</li>\r\n	<li>FORAGRES diamond drill bits must ALWAYS be used water-cooled and with a non-percussive power drill.</li>\r\n	<li>The use of the MULTIDRILL centring guide (ref. 50944) is recommended for centring holes with a diameter of up to 83 mm.</li>\r\n	<li>For drilling holes with a diameter greater than 84 mm, the FORAGRES guide is recommended (ref. 50900).</li>\r\n	<li>The average life of the FORAGRES diamond drill bits is 60 holes and ALWAYS depends on the type of material, its thickness and proper cooling and use.</li>\r\n	<li>The drilling depth of the FORAGRES diamond drill bits is 30 mm (33 mm for diameters of 55 and 75 mm).</li>\r\n	<li>The maximum speed of use for FORAGRES diamond drill bits is 900 rpm except in diameters of 100 and 120 mm where the maximum speed for use is 450 rpm.</li>\r\n	<li>For a better finish and longer drill bit life, it is important to respect the proper rotation speed and exert moderate pressure during drilling.</li>\r\n</ul>\r\n', '', '', 'Rubi_Wet-Diamond-Drill-Bit_4970-180x180.jpg,', '2022-03-22 15:20:15'),
(54, 'FORAGRES WET DIAMOND DRILL BIT 28MM', '4971', 39, 48, 5, '<ul>\r\n	<li>FORAGRES diamond drill bits are ideal for drilling stoneware tiles, porcelain tiles and pieces of granite and marble.</li>\r\n	<li>Available in various diameters, from 20 to 120 mm. They are perfect for making holes in ceramic tiles during installation.</li>\r\n	<li>The FORAGRES range of diamond drill bits includes all the diameters needed to perform the most common drilling for water tapping points, sewers, electrical connections, etc.</li>\r\n	<li>The diamond rim of FORAGRES drill bits is sintered and joined to the drill bit body by laser welding.</li>\r\n</ul>\r\n', '<ul>\r\n	<li>FORAGRES diamond drill bits are ideal for drilling stoneware tiles, porcelain tiles and pieces of granite and marble.</li>\r\n	<li>Available in various diameters, from 20 to 120 mm. They are perfect for making holes in ceramic tiles during installation.</li>\r\n	<li>The FORAGRES range of diamond drill bits includes all the diameters needed to perform the most common drilling for water tapping points, sewers, electrical connections, etc.</li>\r\n	<li>The diamond rim of FORAGRES drill bits is sintered and joined to the drill bit body by laser welding.</li>\r\n	<li>FORAGRES diamond drill bits must ALWAYS be used water-cooled and with a non-percussive power drill.</li>\r\n	<li>The use of the MULTIDRILL centring guide (ref. 50944) is recommended for centring holes with a diameter of up to 83 mm.</li>\r\n	<li>For drilling holes with a diameter greater than 84 mm, the FORAGRES guide is recommended (ref. 50900).</li>\r\n	<li>The average life of the FORAGRES diamond drill bits is 60 holes and ALWAYS depends on the type of material, its thickness and proper cooling and use.</li>\r\n	<li>The drilling depth of the FORAGRES diamond drill bits is 30 mm (33 mm for diameters of 55 and 75 mm).</li>\r\n	<li>The maximum speed of use for FORAGRES diamond drill bits is 900 rpm except in diameters of 100 and 120 mm where the maximum speed for use is 450 rpm.</li>\r\n	<li>For a better finish and longer drill bit life, it is important to respect the proper rotation speed and exert moderate pressure during drilling.</li>\r\n</ul>\r\n', '', '', 'Rubi_Wet-Diamond-Drill-Bit_4970-180x180.jpg,', '2022-03-22 15:21:14'),
(55, 'FORAGRES WET DIAMOND DRILL BIT 35MM', '4971', 39, 48, 5, '<ul>\r\n	<li>FORAGRES diamond drill bits are ideal for drilling stoneware tiles, porcelain tiles and pieces of granite and marble.</li>\r\n	<li>Available in various diameters, from 20 to 120 mm. They are perfect for making holes in ceramic tiles during installation.</li>\r\n	<li>The FORAGRES range of diamond drill bits includes all the diameters needed to perform the most common drilling for water tapping points, sewers, electrical connections, etc.</li>\r\n	<li>The diamond rim of FORAGRES drill bits is sintered and joined to the drill bit body by laser welding.</li>\r\n</ul>\r\n', '<ul>\r\n	<li>FORAGRES diamond drill bits are ideal for drilling stoneware tiles, porcelain tiles and pieces of granite and marble.</li>\r\n	<li>Available in various diameters, from 20 to 120 mm. They are perfect for making holes in ceramic tiles during installation.</li>\r\n	<li>The FORAGRES range of diamond drill bits includes all the diameters needed to perform the most common drilling for water tapping points, sewers, electrical connections, etc.</li>\r\n	<li>The diamond rim of FORAGRES drill bits is sintered and joined to the drill bit body by laser welding.</li>\r\n	<li>FORAGRES diamond drill bits must ALWAYS be used water-cooled and with a non-percussive power drill.</li>\r\n	<li>The use of the MULTIDRILL centring guide (ref. 50944) is recommended for centring holes with a diameter of up to 83 mm.</li>\r\n	<li>For drilling holes with a diameter greater than 84 mm, the FORAGRES guide is recommended (ref. 50900).</li>\r\n	<li>The average life of the FORAGRES diamond drill bits is 60 holes and ALWAYS depends on the type of material, its thickness and proper cooling and use.</li>\r\n	<li>The drilling depth of the FORAGRES diamond drill bits is 30 mm (33 mm for diameters of 55 and 75 mm).</li>\r\n	<li>The maximum speed of use for FORAGRES diamond drill bits is 900 rpm except in diameters of 100 and 120 mm where the maximum speed for use is 450 rpm.</li>\r\n	<li>For a better finish and longer drill bit life, it is important to respect the proper rotation speed and exert moderate pressure during drilling.</li>\r\n</ul>\r\n', '', '', 'Rubi_Wet-Diamond-Drill-Bit_4970-180x180.jpg,', '2022-03-22 15:21:59'),
(56, 'FORAGRES WET DIAMOND DRILL BIT 43MM', '4981', 39, 48, 5, '<ul>\r\n	<li>FORAGRES diamond drill bits are ideal for drilling stoneware tiles, porcelain tiles and pieces of granite and marble.</li>\r\n	<li>Available in various diameters, from 20 to 120 mm. They are perfect for making holes in ceramic tiles during installation.</li>\r\n	<li>The FORAGRES range of diamond drill bits includes all the diameters needed to perform the most common drilling for water tapping points, sewers, electrical connections, etc.</li>\r\n	<li>The diamond rim of FORAGRES drill bits is sintered and joined to the drill bit body by laser welding.</li>\r\n</ul>\r\n', '<ul>\r\n	<li>FORAGRES diamond drill bits are ideal for drilling stoneware tiles, porcelain tiles and pieces of granite and marble.</li>\r\n	<li>Available in various diameters, from 20 to 120 mm. They are perfect for making holes in ceramic tiles during installation.</li>\r\n	<li>The FORAGRES range of diamond drill bits includes all the diameters needed to perform the most common drilling for water tapping points, sewers, electrical connections, etc.</li>\r\n	<li>The diamond rim of FORAGRES drill bits is sintered and joined to the drill bit body by laser welding.</li>\r\n	<li>FORAGRES diamond drill bits must ALWAYS be used water-cooled and with a non-percussive power drill.</li>\r\n	<li>The use of the MULTIDRILL centring guide (ref. 50944) is recommended for centring holes with a diameter of up to 83 mm.</li>\r\n	<li>For drilling holes with a diameter greater than 84 mm, the FORAGRES guide is recommended (ref. 50900).</li>\r\n	<li>The average life of the FORAGRES diamond drill bits is 60 holes and ALWAYS depends on the type of material, its thickness and proper cooling and use.</li>\r\n	<li>The drilling depth of the FORAGRES diamond drill bits is 30 mm (33 mm for diameters of 55 and 75 mm).</li>\r\n	<li>The maximum speed of use for FORAGRES diamond drill bits is 900 rpm except in diameters of 100 and 120 mm where the maximum speed for use is 450 rpm.</li>\r\n	<li>For a better finish and longer drill bit life, it is important to respect the proper rotation speed and exert moderate pressure during drilling.</li>\r\n</ul>\r\n', '', '', 'Rubi_Wet-Diamond-Drill-Bit_4981-180x180.jpg,', '2022-03-22 15:23:19'),
(57, 'FORAGRES WET DIAMOND DRILL BIT 50MM', '4973', 39, 48, 5, '<ul>\r\n	<li>FORAGRES diamond drill bits are ideal for drilling stoneware tiles, porcelain tiles and pieces of granite and marble.</li>\r\n	<li>Available in various diameters, from 20 to 120 mm. They are perfect for making holes in ceramic tiles during installation.</li>\r\n	<li>The FORAGRES range of diamond drill bits includes all the diameters needed to perform the most common drilling for water tapping points, sewers, electrical connections, etc.</li>\r\n	<li>The diamond rim of FORAGRES drill bits is sintered and joined to the drill bit body by laser welding.</li>\r\n</ul>\r\n', '<ul>\r\n	<li>FORAGRES diamond drill bits are ideal for drilling stoneware tiles, porcelain tiles and pieces of granite and marble.</li>\r\n	<li>Available in various diameters, from 20 to 120 mm. They are perfect for making holes in ceramic tiles during installation.</li>\r\n	<li>The FORAGRES range of diamond drill bits includes all the diameters needed to perform the most common drilling for water tapping points, sewers, electrical connections, etc.</li>\r\n	<li>The diamond rim of FORAGRES drill bits is sintered and joined to the drill bit body by laser welding.</li>\r\n	<li>FORAGRES diamond drill bits must ALWAYS be used water-cooled and with a non-percussive power drill.</li>\r\n	<li>The use of the MULTIDRILL centring guide (ref. 50944) is recommended for centring holes with a diameter of up to 83 mm.</li>\r\n	<li>For drilling holes with a diameter greater than 84 mm, the FORAGRES guide is recommended (ref. 50900).</li>\r\n	<li>The average life of the FORAGRES diamond drill bits is 60 holes and ALWAYS depends on the type of material, its thickness and proper cooling and use.</li>\r\n	<li>The drilling depth of the FORAGRES diamond drill bits is 30 mm (33 mm for diameters of 55 and 75 mm).</li>\r\n	<li>The maximum speed of use for FORAGRES diamond drill bits is 900 rpm except in diameters of 100 and 120 mm where the maximum speed for use is 450 rpm.</li>\r\n	<li>For a better finish and longer drill bit life, it is important to respect the proper rotation speed and exert moderate pressure during drilling.</li>\r\n</ul>\r\n', '', '', 'Rubi_Wet-Diamond-Drill-Bit_4981-180x180.jpg,', '2022-03-22 15:23:48'),
(58, 'FORAGRES WET DIAMOND DRILL BIT 65MM', '4977', 39, 48, 5, '<ul>\r\n	<li>FORAGRES diamond drill bits are ideal for drilling stoneware tiles, porcelain tiles and pieces of granite and marble.</li>\r\n	<li>Available in various diameters, from 20 to 120 mm. They are perfect for making holes in ceramic tiles during installation.</li>\r\n	<li>The FORAGRES range of diamond drill bits includes all the diameters needed to perform the most common drilling for water tapping points, sewers, electrical connections, etc.</li>\r\n	<li>The diamond rim of FORAGRES drill bits is sintered and joined to the drill bit body by laser welding.</li>\r\n</ul>\r\n', '<ul>\r\n	<li>FORAGRES diamond drill bits are ideal for drilling stoneware tiles, porcelain tiles and pieces of granite and marble.</li>\r\n	<li>Available in various diameters, from 20 to 120 mm. They are perfect for making holes in ceramic tiles during installation.</li>\r\n	<li>The FORAGRES range of diamond drill bits includes all the diameters needed to perform the most common drilling for water tapping points, sewers, electrical connections, etc.</li>\r\n	<li>The diamond rim of FORAGRES drill bits is sintered and joined to the drill bit body by laser welding.</li>\r\n	<li>FORAGRES diamond drill bits must ALWAYS be used water-cooled and with a non-percussive power drill.</li>\r\n	<li>The use of the MULTIDRILL centring guide (ref. 50944) is recommended for centring holes with a diameter of up to 83 mm.</li>\r\n	<li>For drilling holes with a diameter greater than 84 mm, the FORAGRES guide is recommended (ref. 50900).</li>\r\n	<li>The average life of the FORAGRES diamond drill bits is 60 holes and ALWAYS depends on the type of material, its thickness and proper cooling and use.</li>\r\n	<li>The drilling depth of the FORAGRES diamond drill bits is 30 mm (33 mm for diameters of 55 and 75 mm).</li>\r\n	<li>The maximum speed of use for FORAGRES diamond drill bits is 900 rpm except in diameters of 100 and 120 mm where the maximum speed for use is 450 rpm.</li>\r\n	<li>For a better finish and longer drill bit life, it is important to respect the proper rotation speed and exert moderate pressure during drilling.</li>\r\n</ul>\r\n', '', '', 'Rubi_Wet-Diamond-Drill-Bit_4976-180x180.jpg,', '2022-03-22 15:24:13'),
(59, 'FORAGRES WET DIAMOND DRILL BIT 100MM', '4976', 39, 48, 5, '<ul>\r\n	<li>FORAGRES diamond drill bits are ideal for drilling stoneware tiles, porcelain tiles and pieces of granite and marble.</li>\r\n	<li>Available in various diameters, from 20 to 120 mm. They are perfect for making holes in ceramic tiles during installation.</li>\r\n	<li>The FORAGRES range of diamond drill bits includes all the diameters needed to perform the most common drilling for water tapping points, sewers, electrical connections, etc.</li>\r\n	<li>The diamond rim of FORAGRES drill bits is sintered and joined to the drill bit body by laser welding.</li>\r\n</ul>\r\n', '<ul>\r\n	<li>FORAGRES diamond drill bits are ideal for drilling stoneware tiles, porcelain tiles and pieces of granite and marble.</li>\r\n	<li>Available in various diameters, from 20 to 120 mm. They are perfect for making holes in ceramic tiles during installation.</li>\r\n	<li>The FORAGRES range of diamond drill bits includes all the diameters needed to perform the most common drilling for water tapping points, sewers, electrical connections, etc.</li>\r\n	<li>The diamond rim of FORAGRES drill bits is sintered and joined to the drill bit body by laser welding.</li>\r\n	<li>FORAGRES diamond drill bits must ALWAYS be used water-cooled and with a non-percussive power drill.</li>\r\n	<li>The use of the MULTIDRILL centring guide (ref. 50944) is recommended for centring holes with a diameter of up to 83 mm.</li>\r\n	<li>For drilling holes with a diameter greater than 84 mm, the FORAGRES guide is recommended (ref. 50900).</li>\r\n	<li>The average life of the FORAGRES diamond drill bits is 60 holes and ALWAYS depends on the type of material, its thickness and proper cooling and use.</li>\r\n	<li>The drilling depth of the FORAGRES diamond drill bits is 30 mm (33 mm for diameters of 55 and 75 mm).</li>\r\n	<li>The maximum speed of use for FORAGRES diamond drill bits is 900 rpm except in diameters of 100 and 120 mm where the maximum speed for use is 450 rpm.</li>\r\n	<li>For a better finish and longer drill bit life, it is important to respect the proper rotation speed and exert moderate pressure during drilling.</li>\r\n</ul>\r\n', '', '', 'Rubi_Wet-Diamond-Drill-Bit_4976-180x180.jpg,', '2022-03-22 15:24:56'),
(60, 'FORAGRES WET DIAMOND DRILL BIT 120MM', '4977', 39, 48, 5, '<ul>\r\n	<li>FORAGRES diamond drill bits are ideal for drilling stoneware tiles, porcelain tiles and pieces of granite and marble.</li>\r\n	<li>Available in various diameters, from 20 to 120 mm. They are perfect for making holes in ceramic tiles during installation.</li>\r\n	<li>The FORAGRES range of diamond drill bits includes all the diameters needed to perform the most common drilling for water tapping points, sewers, electrical connections, etc.</li>\r\n	<li>The diamond rim of FORAGRES drill bits is sintered and joined to the drill bit body by laser welding.</li>\r\n</ul>\r\n', '<ul>\r\n	<li>FORAGRES diamond drill bits are ideal for drilling stoneware tiles, porcelain tiles and pieces of granite and marble.</li>\r\n	<li>Available in various diameters, from 20 to 120 mm. They are perfect for making holes in ceramic tiles during installation.</li>\r\n	<li>The FORAGRES range of diamond drill bits includes all the diameters needed to perform the most common drilling for water tapping points, sewers, electrical connections, etc.</li>\r\n	<li>The diamond rim of FORAGRES drill bits is sintered and joined to the drill bit body by laser welding.</li>\r\n	<li>FORAGRES diamond drill bits must ALWAYS be used water-cooled and with a non-percussive power drill.</li>\r\n	<li>The use of the MULTIDRILL centring guide (ref. 50944) is recommended for centring holes with a diameter of up to 83 mm.</li>\r\n	<li>For drilling holes with a diameter greater than 84 mm, the FORAGRES guide is recommended (ref. 50900).</li>\r\n	<li>The average life of the FORAGRES diamond drill bits is 60 holes and ALWAYS depends on the type of material, its thickness and proper cooling and use.</li>\r\n	<li>The drilling depth of the FORAGRES diamond drill bits is 30 mm (33 mm for diameters of 55 and 75 mm).</li>\r\n	<li>The maximum speed of use for FORAGRES diamond drill bits is 900 rpm except in diameters of 100 and 120 mm where the maximum speed for use is 450 rpm.</li>\r\n	<li>For a better finish and longer drill bit life, it is important to respect the proper rotation speed and exert moderate pressure during drilling.</li>\r\n</ul>\r\n', '', '', 'Rubi_Wet-Diamond-Drill-Bit_4976-180x180.jpg,', '2022-03-22 15:25:22'),
(61, 'SEGMENTED CONCRETE DIAMOND BLADE, 230 MM, 2-PIECE SET, EL 35 CNB', '597808001', 39, 48, 19, '<ul>\r\n	<li>Twin blades</li>\r\n	<li>Smooth and free-cutting start</li>\r\n	<li>Extreme cutting depth</li>\r\n	<li>Ideal for concrete and hard materials</li>\r\n</ul>\r\n', '<ul>\r\n	<li>Optimal for Reinforced concrete, Concrete hard, Concrete medium, Concrete soft, Flint concrete hard, Granite, Brick, Trap-rock</li>\r\n	<li>The design of the segment provides a reduced contact surface in the concrete. This gives a quick start in a controlled manner, when applying a new blade.</li>\r\n	<li>The blades are specially designed to stand the unique cutting depth up to 400 mm.</li>\r\n	<li>Developed for fast cutting in universal construction materials, with a focus on hard materials like granite and hard concrete.</li>\r\n	<li>Dual 9&Prime; Diamond concrete Blades fit for the Cut-n-Break Concrete Power Cutters K760 and K3000</li>\r\n</ul>\r\n', '', '', 'Husqvarna-EL-35-CnB.png,', '2022-03-22 15:40:35'),
(62, 'Stone/Concrete Cutting Blade D250XB25.4XH5', 'DT3734-XJ', 39, 48, 2, '', '', '', '', 'Dewalt-DT3734-180x180.jpg,', '2022-03-22 15:43:43'),
(63, 'EGMENTED CONCRETE DIAMOND BLADE, 230 MM, 2-PIECE SET, EL 35 CNB', '597808001', 39, 48, 6, '<ul>\r\n	<li>Twin blades</li>\r\n	<li>Smooth and free-cutting start</li>\r\n	<li>Extreme cutting depth</li>\r\n	<li>Ideal for concrete and hard materials</li>\r\n</ul>\r\n', '<ul>\r\n	<li>Optimal for Reinforced concrete, Concrete hard, Concrete medium, Concrete soft, Flint concrete hard, Granite, Brick, Trap-rock</li>\r\n	<li>The design of the segment provides a reduced contact surface in the concrete. This gives a quick start in a controlled manner, when applying a new blade.</li>\r\n	<li>The blades are specially designed to stand the unique cutting depth up to 400 mm.</li>\r\n	<li>Developed for fast cutting in universal construction materials, with a focus on hard materials like granite and hard concrete.</li>\r\n	<li>Dual 9&Prime; Diamond concrete Blades fit for the Cut-n-Break Concrete Power Cutters K760 and K3000</li>\r\n</ul>\r\n', '', '', 'Husqvarna-EL-35-CnB.png,', '2022-03-22 15:44:56'),
(64, '100mm double row diamond cup wheel', 'DW4772T-AE', 39, 48, 2, '', '', '', '', 'Dewalt_DW8545_DIAMOND-METAL-CUTOFF-WHEEL-115-X-1.3MM-180x180.jpg,', '2022-03-22 15:46:27'),
(65, '12V XR LI-ION COMPACT DRILL DRIVER KIT', 'DCD710C2P-B5', 39, 50, 2, '<ul>\r\n	<li>NEW 12V XR Li-Ion compact drill driver featuring XR 1.3Ah Li-Ion battery technology</li>\r\n	<li>Compact and lightweight design</li>\r\n	<li>15 Position adjustable torque control for consistent screw driving into a variety of materials with different screw sizes</li>\r\n</ul>\r\n', '<ul>\r\n	<li>NEW 12V XR Li-Ion compact drill driver featuring XR 1.3Ah Li-Ion battery technology</li>\r\n	<li>Compact and lightweight design</li>\r\n	<li>15 Position adjustable torque control for consistent screw driving into a variety of materials with different screw sizes</li>\r\n	<li>Ergonomic handle and rubber over-mold to provide ultimate end user comfort</li>\r\n	<li>Parabolic switch profile allowing for greater control over the speed of application</li>\r\n	<li>10mm single sleeve keyless chuck with automatic spindle lock for a quick and easy bit change</li>\r\n	<li>Two-speed settings; variable speed and reverse switch</li>\r\n	<li>Electronic motor brake for added control</li>\r\n	<li>High-performance fan cooled motor for maximum power and durability</li>\r\n	<li>All metal gearing for efficient power transmission and long tool life</li>\r\n	<li>LED light for improved visibility</li>\r\n	<li>Li-Ion slide pack battery allows for superior insertion and removal</li>\r\n	<li>Li-Ion slide pack battery allows for the tool to stand upright</li>\r\n</ul>\r\n', '<p><img alt=\"DEWALT DCD710C2P-B5 12V XR LI-ION COMPACT DRILL DRIVER KIT Specifications\" src=\"https://iscservices.co/wp-content/uploads/2018/07/DEWALT-DCD710C2P-B5-12V-XR-LI-ION-COMPACT-DRILL-DRIVER-KIT-Specifications.jpg\" style=\"height:442px; width:502px\" /></p>\r\n', '<p><a href=\"https://www.aabtools.com/wp-content/uploads/DCD710C2-B5-Specification-Sheet.pdf\" target=\"_blank\">DCD710C2-B5-Specification Sheet</a></p>\r\n', 'DEW_DCD710C2-B5.jpg,', '2022-03-22 16:00:31'),
(66, '54V XR FLEXVOLT BRUSHLESS WALL CHASER INC 2X 6AH BATTS & CHARGER IN TSTAK CARRY CASE', 'DCG200T2-GB', 39, 50, 2, '<p>Wall chaser uses 2 diamond discs to cut a channel into a block, brick, or concrete walls and floors.</p>\r\n\r\n<p>Using a hammer the material in-between the two cuts is removed leaving a channel.</p>\r\n\r\n<p>This channel can then be used to lay pipes or wires below the surface of the wall or floor.</p>\r\n', '<ul>\r\n	<li>Electronic brake stops the wheel quickly when the trigger is disengaged</li>\r\n	<li>Electronic clutch reduces the kickback reaction in the event of a pinch or stall</li>\r\n	<li>A mesh cover over air intake vents restricts dust being sucked through the motor</li>\r\n	<li>Rubber over-mold provides enhanced grip and comfort</li>\r\n	<li>Creates less debris</li>\r\n	<li>Brushless motor</li>\r\n	<li>Lock-off trigger switch</li>\r\n	<li>Blade height adjust-ability</li>\r\n	<li>4 roller wheels</li>\r\n	<li>Keyless flange</li>\r\n</ul>\r\n', '<ul>\r\n	<li>Maximum Depth of Cut: 32 mm</li>\r\n	<li>No Load Speed: 9000 rpm</li>\r\n	<li>Blade Diameter: 125 mm</li>\r\n	<li>Blade Thickness: 3 mm</li>\r\n	<li>Blade Bore Size: 22.23 mm</li>\r\n	<li>Spindle Diameter: 14 mm</li>\r\n	<li>Width of Cut: 35 mm</li>\r\n	<li>Length: 44.4 cm</li>\r\n	<li>Width: 33.8 cm</li>\r\n	<li>Height: 30.2 cm</li>\r\n	<li>Weight: 10.5 kg</li>\r\n	<li>Hand/Arm Vibration: 4.7&nbsp;m/s&sup2;</li>\r\n	<li>Uncertainty K1 Vibration: 1.5 m/s&sup2;</li>\r\n	<li>Sound Pressure: 102 dB(A)</li>\r\n	<li>Sound Pressure Uncertainty: 3 dB(A)</li>\r\n	<li>Sound Power: 113 dB(A)</li>\r\n	<li>Sound Power Uncertainty: 3 dB(A)</li>\r\n</ul>\r\n', '', 'dewdcg200t2-gb_1.jpg,', '2022-03-22 16:02:45'),
(67, 'VIBRATION METER/DATALOGGER', 'SDL800', 40, 61, 8, '<ul>\r\n	<li>Measures acceleration, velocity and displacement</li>\r\n	<li>Huge memory</li>\r\n	<li>Adjustable sampling rate</li>\r\n</ul>\r\n', '<ul>\r\n	<li>Remote vibration sensor with magnetic adapter on 47.2&Prime;(1.2m) cable</li>\r\n	<li>Wide frequency range of 10Hz to 1kHz</li>\r\n	<li>Basic accuracy of ?(5% + 2 digits); Meets ISO2954</li>\r\n	<li>RMS, Peak Value or Max Hold measurement modes</li>\r\n	<li>Adjustable data sampling rate</li>\r\n	<li>Offset adjustment used for zero function to make relative measurements</li>\r\n	<li>Large backlit LCD</li>\r\n	<li>Stores 99 readings manually and 20M readings via 2G SD card</li>\r\n	<li>Record/Recall MIN, MAX, Data Hold and Auto power off</li>\r\n	<li>Built-in PC interface</li>\r\n	<li>Complete with remote sensor, magnetic mount, 6 x AA batteries, SD card, and hard carrying case</li>\r\n</ul>\r\n', '<table>\r\n	<thead>\r\n		<tr>\r\n			<th>Specifications</th>\r\n			<th>Range</th>\r\n		</tr>\r\n	</thead>\r\n	<tbody>\r\n		<tr>\r\n			<td>Acceleration</td>\r\n			<td>656ft/s2 , 200m/s2 , 20.39g</td>\r\n		</tr>\r\n		<tr>\r\n			<td>Velocity</td>\r\n			<td>7.87in/s, 200mm/s, 19.99cm/s</td>\r\n		</tr>\r\n		<tr>\r\n			<td>Displacement</td>\r\n			<td>0.078in, 2mm (peak-to-peak)</td>\r\n		</tr>\r\n		<tr>\r\n			<td>Resolution</td>\r\n			<td>1ft/s2 , 0.1m/s2 , 0.01g; 0.01in/s, 0.1mm/s, 0.01cm/s; 0.001in, 0.001mm</td>\r\n		</tr>\r\n		<tr>\r\n			<td>Basic accuracy</td>\r\n			<td>&plusmn;(5%+2 digits)</td>\r\n		</tr>\r\n		<tr>\r\n			<td>Memory</td>\r\n			<td>20M data records using 2G SD card</td>\r\n		</tr>\r\n		<tr>\r\n			<td>Dimensions</td>\r\n			<td>7.2 x 2.9 x 1.9&Prime; (182 x 73 x 47.5mm)</td>\r\n		</tr>\r\n		<tr>\r\n			<td>Weight</td>\r\n			<td>21.1oz (599g)</td>\r\n		</tr>\r\n	</tbody>\r\n</table>\r\n', '', 'EXTECH_VIBRATION-TESTERS.png,', '2022-03-22 16:41:15'),
(68, 'VIBRATION METER WITH FLUKE CONNECT', '805 FC', 40, 61, 3, '<ul>\r\n	<li>Overall vibration measurement (10 Hz to 1;000 Hz) for acceleration; velocity and displacement units of measurement for a wide variety of machines</li>\r\n	<li>Memory holds up to 3;500 measurements</li>\r\n	<li>Features Fluke Connect</li>\r\n</ul>\r\n', '<p>KEY FEATURES</p>\r\n\r\n<p>&nbsp;</p>\r\n\r\n<ul>\r\n	<li>Reliable, repeatable, accurate device for checking bearings and overall vibration</li>\r\n	<li>Features innovative sensor design that minimizes measurement variations caused by device angle or contact pressure</li>\r\n	<li>Provides consistent data quality at both low and high frequency ranges</li>\r\n	<li>Offers four-level severity scale to assess urgency of problems and bearing condition</li>\r\n</ul>\r\n\r\n<p>&nbsp;</p>\r\n\r\n<p><strong>The reliable, repeatable, accurate way to check bearings and overall vibration</strong></p>\r\n\r\n<p>&nbsp;</p>\r\n\r\n<p>Make go or no-go maintenance decisions with confidence. The Fluke 805 FC Vibration Meter is the most reliable vibration screening device available for frontline mechanical troubleshooting teams that need repeatable, severity-scaled readings of overall vibration and bearing condition.</p>\r\n\r\n<p>&nbsp;</p>\r\n\r\n<p><strong>Other useful features:</strong></p>\r\n\r\n<ul>\r\n	<li>Allows you to export data via USB</li>\r\n	<li>Compatible with Fluke Connect&reg; Mobile App that can transmit measurements to your smartphone to be shared in real time</li>\r\n	<li>Enables you to get authorization to take next steps in an instant if machine health is at risk via Fluke Connect&trade; Share-Live&trade; video call*</li>\r\n	<li>Allows you to view trending in Microsoft&reg; Excel using pre-built templates</li>\r\n	<li>Measures overall vibration (10 Hz to 1,000 Hz) for acceleration, velocity, and displacement units of measurement for a wide variety of machines</li>\r\n	<li>Provides Crest Factor+ technology for reliable bearing assessment using direct sensor tip measurements between 4,000 Hz and 20,000 Hz</li>\r\n	<li>Compares vibration levels with ISO-10816 severity scales and stores results to the Fluke Connect Cloud</li>\r\n	<li>Features colored lighting system (green, red) and on-screen comments to indicate how much pressure needs to be applied to take measurements</li>\r\n	<li>Measures temperature with Spot IR Sensor to increase diagnostic capabilities</li>\r\n	<li>Holds and saves up to 3,500 measurements in on-board memory</li>\r\n	<li>Provides external accelerometer support for hard to reach locations</li>\r\n	<li>Features built-in flashlight for viewing measurement locations in dark areas</li>\r\n	<li>Provides large high-resolution display for easy navigation and viewing</li>\r\n</ul>\r\n', '<table>\r\n	<tbody>\r\n		<tr>\r\n			<td colspan=\"2\"><strong>Specifications</strong></td>\r\n		</tr>\r\n		<tr>\r\n			<td>Low frequency range (overall measurement)</td>\r\n			<td>10 Hz to 1,000 Hz</td>\r\n		</tr>\r\n		<tr>\r\n			<td>High frequency range (CF+ measurement)</td>\r\n			<td>4,000 Hz to 20,000 Hz</td>\r\n		</tr>\r\n		<tr>\r\n			<td>Severity levels</td>\r\n			<td>Good, satisfactory, unsatisfactory, unacceptable</td>\r\n		</tr>\r\n		<tr>\r\n			<td>Vibration limit</td>\r\n			<td>50 g peak (100 g peak-peak)</td>\r\n		</tr>\r\n		<tr>\r\n			<td>A/D converter</td>\r\n			<td>16-bit</td>\r\n		</tr>\r\n		<tr>\r\n			<td>Signal to noise ratio</td>\r\n			<td>80 dB</td>\r\n		</tr>\r\n		<tr>\r\n			<td>Sampling rate</td>\r\n			<td>Low frequency: 20,000 Hz<br />\r\n			High frequency: 80,000 Hz</td>\r\n		</tr>\r\n		<tr>\r\n			<td>Real time clock backup</td>\r\n			<td>Coin battery</td>\r\n		</tr>\r\n		<tr>\r\n			<td colspan=\"2\"><strong>Sensor</strong></td>\r\n		</tr>\r\n		<tr>\r\n			<td>Sensitivity</td>\r\n			<td>100 mV g &plusmn; 10%</td>\r\n		</tr>\r\n		<tr>\r\n			<td>Measurement range</td>\r\n			<td>0.01 g to 50 g</td>\r\n		</tr>\r\n		<tr>\r\n			<td>Low frequency range (overall measurement)</td>\r\n			<td>10 Hz to 1,000 Hz</td>\r\n		</tr>\r\n		<tr>\r\n			<td>High frequency range</td>\r\n			<td>4,000 Hz to 20,000 Hz</td>\r\n		</tr>\r\n		<tr>\r\n			<td>Resolution</td>\r\n			<td>0.01 g</td>\r\n		</tr>\r\n		<tr>\r\n			<td>Accuracy</td>\r\n			<td>At 100 Hz &plusmn; 5% of measured value</td>\r\n		</tr>\r\n		<tr>\r\n			<td colspan=\"2\"><strong>Amplitude Units</strong></td>\r\n		</tr>\r\n		<tr>\r\n			<td>Acceleration</td>\r\n			<td>g, m/sec&sup2;</td>\r\n		</tr>\r\n		<tr>\r\n			<td>Velocity</td>\r\n			<td>in/sec, mm/sec</td>\r\n		</tr>\r\n		<tr>\r\n			<td>Displacement</td>\r\n			<td>mils, mm</td>\r\n		</tr>\r\n		<tr>\r\n			<td colspan=\"2\">Infrared Thermometer (Temperature Measurement)</td>\r\n		</tr>\r\n		<tr>\r\n			<td>Range</td>\r\n			<td>-20 &deg;C to 200 &deg;C (-4 &deg;F to 392 &deg;F)</td>\r\n		</tr>\r\n		<tr>\r\n			<td>Accuracy</td>\r\n			<td>&plusmn;2 &deg;C (4 &deg;F)</td>\r\n		</tr>\r\n		<tr>\r\n			<td>Focal length</td>\r\n			<td>Fixed, at ~3.8 cm (1.5&Prime;)</td>\r\n		</tr>\r\n		<tr>\r\n			<td colspan=\"2\"><strong>External Sensor</strong></td>\r\n		</tr>\r\n		<tr>\r\n			<td colspan=\"2\">Note: Fluke supports but does not provide external sensors</td>\r\n		</tr>\r\n		<tr>\r\n			<td>Frequency range</td>\r\n			<td>10 Hz to 1,000 Hz</td>\r\n		</tr>\r\n		<tr>\r\n			<td>Bias voltage (to supply power)</td>\r\n			<td>20 V dc to 22 V dc</td>\r\n		</tr>\r\n		<tr>\r\n			<td>Bias current (to supply power)</td>\r\n			<td>Maximum 5 mA</td>\r\n		</tr>\r\n		<tr>\r\n			<td colspan=\"2\"><strong>Firmware</strong></td>\r\n		</tr>\r\n		<tr>\r\n			<td>External interfaces</td>\r\n			<td>USB 2.0 (full speed) communication</td>\r\n		</tr>\r\n		<tr>\r\n			<td>Data capacity</td>\r\n			<td>Database on internal flash memory</td>\r\n		</tr>\r\n		<tr>\r\n			<td>Upgrade</td>\r\n			<td>Through USB</td>\r\n		</tr>\r\n		<tr>\r\n			<td>Memory</td>\r\n			<td>Up to 3,500 measurements</td>\r\n		</tr>\r\n		<tr>\r\n			<td colspan=\"2\"><strong>Radiated Emission</strong></td>\r\n		</tr>\r\n		<tr>\r\n			<td>Electrostatic discharge: burst</td>\r\n			<td>Standard EN 61000-4-2</td>\r\n		</tr>\r\n		<tr>\r\n			<td>Electromagnetic interference</td>\r\n			<td>Standard EN 61000-4-3</td>\r\n		</tr>\r\n		<tr>\r\n			<td>RE</td>\r\n			<td>Standard CISPR 11, Class A</td>\r\n		</tr>\r\n		<tr>\r\n			<td colspan=\"2\"><strong>Environmental</strong></td>\r\n		</tr>\r\n		<tr>\r\n			<td>Operating temperature</td>\r\n			<td>-20 &deg;C to 50 &deg;C (-4 &deg;F to 122 &deg;F)</td>\r\n		</tr>\r\n		<tr>\r\n			<td>Storage temperature</td>\r\n			<td>-30 &deg;C to 80 &deg;C (-22 &deg;F to 176 &deg;F)</td>\r\n		</tr>\r\n		<tr>\r\n			<td>Operating humidity</td>\r\n			<td>10% to 95% RH (non-condensing)</td>\r\n		</tr>\r\n		<tr>\r\n			<td>Operating/storage altitude</td>\r\n			<td>Sea level to 3,048 meters (10,000 feet)</td>\r\n		</tr>\r\n		<tr>\r\n			<td>IP rating</td>\r\n			<td>IP54</td>\r\n		</tr>\r\n		<tr>\r\n			<td>Vibration limit</td>\r\n			<td>500g peak</td>\r\n		</tr>\r\n		<tr>\r\n			<td>Drop test</td>\r\n			<td>1 meter</td>\r\n		</tr>\r\n		<tr>\r\n			<td colspan=\"2\"><strong>General Specifications</strong></td>\r\n		</tr>\r\n		<tr>\r\n			<td>Battery type</td>\r\n			<td>AA (2) Lithium Iron Disulfide</td>\r\n		</tr>\r\n		<tr>\r\n			<td>Battery life</td>\r\n			<td>250 measurements</td>\r\n		</tr>\r\n		<tr>\r\n			<td>Size (L x W x H)</td>\r\n			<td>24.1 cm x 7.1 cm x 5.8 cm<br />\r\n			(9.5 in x 2.8 in x 2.3 in)</td>\r\n		</tr>\r\n		<tr>\r\n			<td>Weight</td>\r\n			<td>0.40 kg (0.89 lb)</td>\r\n		</tr>\r\n		<tr>\r\n			<td>Connectors</td>\r\n			<td>USB mini-B 7-pin, external sensor jack (SMB connector)</td>\r\n		</tr>\r\n	</tbody>\r\n</table>\r\n', '<ul>\r\n	<li><a href=\"https://www.aabtools.com/wp-content/uploads/Fluke_805-FC-Datasheet.pdf\" target=\"_blank\">Fluke_805 FC Datasheet</a></li>\r\n	<li><a href=\"https://www.aabtools.com/wp-content/uploads/Fluke_805-FC-User-Manual.pdf\" target=\"_blank\">Fluke_805 FC User Manual</a></li>\r\n</ul>\r\n', 'FLU_805.jpg,FLU_805-1-2.jpg,FLU_805-2-2.jpg,FLU_805-3-1.jpg,', '2022-03-22 16:47:49');
INSERT INTO `sub_product1` (`sub_product_id`, `sub_product_name`, `model_no`, `category_id`, `subcategory_id`, `brand_id`, `short_description`, `features`, `specifications`, `download_link`, `file_name`, `uploaded_on`) VALUES
(69, 'LASER ALIGNMENT TOOL', '830/BT', 40, 61, 3, '<ul>\r\n	<li>Single-laser measurement technology means reduced errors from backlash, resulting in better data accuracy</li>\r\n	<li>Intuitive guided user interface quickly and easily completes machine alignments</li>\r\n	<li>Compass measurement mode enables flexible, reliable, and repeatable measurements using an activated electronic inclinometer</li>\r\n</ul>\r\n', '<p>FLUKE 830/BT OFFERS</p>\r\n\r\n<p><strong>Features</strong></p>\r\n\r\n<ul>\r\n	<li>Single-laser measurement technology means reduced errors from backlash, resulting in better data accuracy</li>\r\n	<li>Intuitive guided user interface quickly and easily completes machine alignments</li>\r\n	<li>Compass measurement mode enables flexible, reliable, and repeatable measurements using an activated electronic inclinometer</li>\r\n	<li>Dynamic machine tolerance check provides continuous evaluation of alignment adjustments, so you know when your machine in acceptable range</li>\r\n	<li>Unique extend mode handles gross misalignment by virtually increasing laser detector size</li>\r\n	<li>Data protection ensures your data is there when you need it, with auto save and resume capability</li>\r\n</ul>\r\n\r\n<p><strong>Applications</strong></p>\r\n\r\n<ul>\r\n	<li>Precision alignment</li>\r\n	<li>Rotating shafts</li>\r\n	<li>Maintenance</li>\r\n</ul>\r\n', '<p>FLUKE 830/BT SPECIFICATIONS</p>\r\n\r\n<table>\r\n	<tbody>\r\n		<tr>\r\n			<td colspan=\"2\"><strong>Computer</strong></td>\r\n		</tr>\r\n		<tr>\r\n			<td>CPU</td>\r\n			<td>Processor: Intel XScale PXA270 running at 312 MHz<br />\r\n			Memory: 64 MB RAM, 64 MB flash</td>\r\n		</tr>\r\n		<tr>\r\n			<td>Display</td>\r\n			<td>Type: TFT, transmissive (sunlight-readable), 65,535 colors, backlit LED Integrated light sensor for automated adjustment of the brightness to the display according to the lighting conditions &ndash; extends battery life<br />\r\n			Resolution: 320 x 240 pixel; dimensions: 3.5&Prime; (89 mm) diagonal<br />\r\n			Keyboard elements: Setup, measure, diagnose, menu, clear, enter, back keys, navigation cursor cross, alphanumeric keyboard and on/off button</td>\r\n		</tr>\r\n		<tr>\r\n			<td>LED Indicators</td>\r\n			<td>Multicolor LED for laser status and alignment condition<br />\r\n			Multicolor LED for battery status</td>\r\n		</tr>\r\n		<tr>\r\n			<td>External Interface</td>\r\n			<td>USB host and USB device (slave)<br />\r\n			Integrated wireless communication, class 1, transmitting power 100 mW<br />\r\n			AC adapter/charger socket</td>\r\n		</tr>\r\n		<tr>\r\n			<td>Environmental Protection</td>\r\n			<td>IP65 (dust proof and water spray resistant), shockproof<br />\r\n			Relative humidity 10 to 90%</td>\r\n		</tr>\r\n		<tr>\r\n			<td>Temperature Range</td>\r\n			<td>Operation: 14 to 122&deg;F (-10 to 50&deg;C)<br />\r\n			Storage: -4 to 140&deg;F (-20 to 60&deg;C)</td>\r\n		</tr>\r\n		<tr>\r\n			<td>Battery</td>\r\n			<td>Type: Li-Ion polymer rechargeable battery 7.4 V/2.6 Ah (optimal)<br />\r\n			Operating time: Up to 17 hours (33% measurement, 33% computation, 33% sleep mode)</td>\r\n		</tr>\r\n		<tr>\r\n			<td>Dimensions</td>\r\n			<td>Approximately 8.7 x 6.5 x 1.8&Prime; (220 x 165 x 45 mm)</td>\r\n		</tr>\r\n		<tr>\r\n			<td>Weight</td>\r\n			<td>Approximately 1.64 lbs (742 g)</td>\r\n		</tr>\r\n		<tr>\r\n			<td colspan=\"2\"><strong>Carrying Case</strong></td>\r\n		</tr>\r\n		<tr>\r\n			<td>Dimensions</td>\r\n			<td>Approximately 22.25 x 13.5 x 5&Prime; (565 x 343 x 127 mm)</td>\r\n		</tr>\r\n		<tr>\r\n			<td>Weight</td>\r\n			<td>Approximately 12.3 lbs (5.6 kg) with all standard parts</td>\r\n		</tr>\r\n		<tr>\r\n			<td colspan=\"2\"><strong>Reflector (Prism)</strong></td>\r\n		</tr>\r\n		<tr>\r\n			<td>Type</td>\r\n			<td>90&deg; roof prism; accuracy (average): &gt;99%</td>\r\n		</tr>\r\n		<tr>\r\n			<td>Environmental Protection</td>\r\n			<td>IP67 (submersible, dust proof)</td>\r\n		</tr>\r\n		<tr>\r\n			<td>Temperature Range</td>\r\n			<td>Operation: -4 to 140&deg;F (-20 to 60&deg;C)<br />\r\n			Storage: -4 to 176&deg;F (-20 to 80&deg;C)</td>\r\n		</tr>\r\n		<tr>\r\n			<td>Dimensions</td>\r\n			<td>Approximately 4 x 1.62 x .37&Prime; (100 x 41 x 35 mm)</td>\r\n		</tr>\r\n		<tr>\r\n			<td>Weight</td>\r\n			<td>Approximately 2.3 oz (65 g)</td>\r\n		</tr>\r\n		<tr>\r\n			<td colspan=\"2\"><strong>sensALIGN 3 Sensor</strong></td>\r\n		</tr>\r\n		<tr>\r\n			<td>Measurement Principle</td>\r\n			<td>Coaxial, reflected laser beam</td>\r\n		</tr>\r\n		<tr>\r\n			<td>LED Indicators</td>\r\n			<td>1 LED for laser beam status and battery status<br />\r\n			1 LED for wireless communication</td>\r\n		</tr>\r\n		<tr>\r\n			<td>Power Supply</td>\r\n			<td>Battery: Lithium-Ion rechargeable battery 3.7 V/5 Wh<br />\r\n			Operating time: 10 hours (continuous use)<br />\r\n			Charging time: Using charger &ndash; 2.5 hrs for up to 90%; 3.5 hrs for up to 100%; Using USB port &ndash; 3 hrs for up to 90%; 4 hrs for up to 100%</td>\r\n		</tr>\r\n		<tr>\r\n			<td>Environmental Protection</td>\r\n			<td>IP65 (dust proof and water spray resistant), shockproof<br />\r\n			Relative humidity 10 to 90% (non-condensing)</td>\r\n		</tr>\r\n		<tr>\r\n			<td>Ambient Light Protection</td>\r\n			<td>Yes</td>\r\n		</tr>\r\n		<tr>\r\n			<td>Temperature Range</td>\r\n			<td>Operation: 14 to 122&deg;F (-10 to 50&deg;C)<br />\r\n			Charging: 32 to 104&deg;F (0 to 40&deg;C)<br />\r\n			Storage: -4 to 140&deg;F (-20 to 60&deg;C)</td>\r\n		</tr>\r\n		<tr>\r\n			<td>Detector</td>\r\n			<td>Measurement range: Unlimited, dynamically extendible<br />\r\n			Resolution: 1 &mu;m (0.04 mil) and angular 10 &mu;Rad<br />\r\n			Accuracy (average): &gt;98%</td>\r\n		</tr>\r\n		<tr>\r\n			<td>Inclinometer</td>\r\n			<td>Measurement range: 0 to 360&deg;<br />\r\n			Resolution: 0.1&deg;<br />\r\n			Inclinometer error (Ta = 22&deg;C): +0.3% read out</td>\r\n		</tr>\r\n		<tr>\r\n			<td>Laser</td>\r\n			<td>Type: Semiconductor laser diode<br />\r\n			Wavelength: 630 to 680 nm (red, visible)<br />\r\n			Safety class: Class 2 according to IEC 60825-1:2014<br />\r\n			The laser complies with 21 CFR 1040.10 and 1040.11 except for<br />\r\n			deviations pursuant to Laser Notice No. 50, dated June 24, 2007<br />\r\n			Beam power: &lt;1 mW; Beam divergence: 0.3 mRad</td>\r\n		</tr>\r\n		<tr>\r\n			<td>External Interface</td>\r\n			<td>Wireless communication</td>\r\n		</tr>\r\n		<tr>\r\n			<td>Transmission Distance</td>\r\n			<td>Up to 98&prime; (30 m) direct line of sight</td>\r\n		</tr>\r\n		<tr>\r\n			<td>Dimensions</td>\r\n			<td>Approximately 4.1 x 2.72 x 2.17&Prime; (105 x 69 x 55 mm)</td>\r\n		</tr>\r\n		<tr>\r\n			<td>Weight</td>\r\n			<td>Approximately 7.4 oz (210 g) with dust cap</td>\r\n		</tr>\r\n	</tbody>\r\n</table>\r\n', '<ul>\r\n	<li><a href=\"https://www.aabtools.com/wp-content/uploads/Fluke-830-Datasheet.pdf\" target=\"_blank\">Fluke 830-Datasheet</a></li>\r\n	<li><a href=\"https://www.aabtools.com/wp-content/uploads/Fluke-830-Manual.pdf\" target=\"_blank\">Fluke 830-Manual</a></li>\r\n</ul>\r\n', 'FLU_830.jpg,FLU_830-1-1.jpg,FLU_830-2-1.jpg,FLU_830-3-1.jpg,', '2022-03-22 16:51:32'),
(74, 'DM 280 CONCRETE CORING MACHINE, 350MM, 2.7KW', '966554101', 1, 1, 6, '', '', '', '', 'FLU_830-1-1.jpg,', '2022-03-22 18:13:21');

-- --------------------------------------------------------

--
-- Table structure for table `user`
--

CREATE TABLE `user` (
  `id` int(200) NOT NULL,
  `user_name` text NOT NULL,
  `mobile` varchar(10) NOT NULL,
  `email` text NOT NULL,
  `address` text NOT NULL,
  `position` text NOT NULL,
  `update_on` datetime NOT NULL DEFAULT current_timestamp(),
  `flag` int(11) NOT NULL
) ENGINE=InnoDB DEFAULT CHARSET=utf8mb4;

--
-- Dumping data for table `user`
--

INSERT INTO `user` (`id`, `user_name`, `mobile`, `email`, `address`, `position`, `update_on`, `flag`) VALUES
(3, 'demo4', '9665778808', 'efs@gmail.com', 'address', 'BUSINESS USE', '2022-05-04 00:00:00', 1),
(4, 'testing', '789654', 'fgtr@gmail.com', 'cdeqrlfv', 'BUSINESS USE', '2022-05-06 10:04:54', 1),
(5, 'admin', '45512', 'gmail@gmail.com', 'demo', 'BUSINESS USE', '2022-05-06 11:08:17', 1),
(6, 'mail', '7896541258', 'ritu@gmail.com', 'sdgsth', 'BUSINESS USE', '2022-05-06 12:11:30', 1),
(7, 'demo', '975623', 'reena@gmail.com', 'dfsgafw', 'BUSINESS USE', '2022-05-06 12:12:31', 1),
(8, 'vishakha', '9156100521', 'demomail@gmail.com', 'ASFCAED DSTHYRBFGVTV ZDTYHB XDFYHB De$564SE5ygb ', 'BUSINESS USE', '2022-05-06 15:21:18', 1),
(9, 'CynthiaAjnavi', '8899889988', 'sweety_agarwal3@yahoo.co.in', 'trytrdt ytry', 'BUSINESS USE', '2022-05-06 16:01:00', 1),
(10, 'vishakha', '7896541212', 'efs@gmail.com', 'Testing Mail', 'BUSINESS USE', '2022-05-09 15:26:09', 1),
(0, 'kksk', '9865352515', 'pritesh@gmail.com', 'hahaha', 'PERSONAL USE', '2022-09-18 19:09:57', 1),
(0, 'sdfdg', '85652545', 'test@mailinator.com', 'dsf', 'BUSINESS USE', '2022-10-01 16:35:19', 1);

--
-- Indexes for dumped tables
--

--
-- Indexes for table `aboutus`
--
ALTER TABLE `aboutus`
  ADD PRIMARY KEY (`id`);

--
-- Indexes for table `admin`
--
ALTER TABLE `admin`
  ADD PRIMARY KEY (`id`);

--
-- Indexes for table `brand`
--
ALTER TABLE `brand`
  ADD PRIMARY KEY (`brand_id`);

--
-- Indexes for table `category`
--
ALTER TABLE `category`
  ADD PRIMARY KEY (`category_id`),
  ADD KEY `category_id` (`category_id`);

--
-- Indexes for table `orders`
--
ALTER TABLE `orders`
  ADD PRIMARY KEY (`id`);

--
-- Indexes for table `products`
--
ALTER TABLE `products`
  ADD PRIMARY KEY (`product_id`);

--
-- Indexes for table `sub_category`
--
ALTER TABLE `sub_category`
  ADD PRIMARY KEY (`subcategory_id`);

--
-- Indexes for table `sub_product`
--
ALTER TABLE `sub_product`
  ADD PRIMARY KEY (`sub_product_id`);

--
-- AUTO_INCREMENT for dumped tables
--

--
-- AUTO_INCREMENT for table `aboutus`
--
ALTER TABLE `aboutus`
  MODIFY `id` int(200) NOT NULL AUTO_INCREMENT, AUTO_INCREMENT=2;

--
-- AUTO_INCREMENT for table `admin`
--
ALTER TABLE `admin`
  MODIFY `id` int(11) NOT NULL AUTO_INCREMENT, AUTO_INCREMENT=2;

--
-- AUTO_INCREMENT for table `brand`
--
ALTER TABLE `brand`
  MODIFY `brand_id` int(11) NOT NULL AUTO_INCREMENT, AUTO_INCREMENT=24;

--
-- AUTO_INCREMENT for table `category`
--
ALTER TABLE `category`
  MODIFY `category_id` int(11) NOT NULL AUTO_INCREMENT, AUTO_INCREMENT=102;

--
-- AUTO_INCREMENT for table `orders`
--
ALTER TABLE `orders`
  MODIFY `id` int(200) NOT NULL AUTO_INCREMENT, AUTO_INCREMENT=159;

--
-- AUTO_INCREMENT for table `products`
--
ALTER TABLE `products`
  MODIFY `product_id` int(11) NOT NULL AUTO_INCREMENT, AUTO_INCREMENT=38;

--
-- AUTO_INCREMENT for table `sub_category`
--
ALTER TABLE `sub_category`
  MODIFY `subcategory_id` int(11) NOT NULL AUTO_INCREMENT, AUTO_INCREMENT=76;

--
-- AUTO_INCREMENT for table `sub_product`
--
ALTER TABLE `sub_product`
  MODIFY `sub_product_id` int(11) NOT NULL AUTO_INCREMENT, AUTO_INCREMENT=87;
COMMIT;

/*!40101 SET CHARACTER_SET_CLIENT=@OLD_CHARACTER_SET_CLIENT */;
/*!40101 SET CHARACTER_SET_RESULTS=@OLD_CHARACTER_SET_RESULTS */;
/*!40101 SET COLLATION_CONNECTION=@OLD_COLLATION_CONNECTION */;
